Date,sexe,identifiant,date_diplome,filiere,nationalite_francaise,nationalite,remuneration_annuelle_brute,prime,remuneration_prime,remuneration_annuelle_brute_hors_prime_premier_emploi,prime_premier_emploi,remuneration_annuelle_brute_avec_prime_premier_emploi
12/05/2023 19:34,Femme,1877094908161080.0,2021,Matériaux (MAT),Oui,,,,,,,
12/05/2023 15:23,Homme,1788522987549900.0,2022,Mécanique et Interactions (MI),Oui,,,Oui,,,,
12/05/2023 11:58,Femme,1875368398704990.0,2020,Mécanique et Interactions (MI),Oui,,,,,,,
12/05/2023 10:22,Homme,1789638166758090.0,2021,Mécanique et Interactions (MI),Oui,,,,,28000.0,Non,28000.0
11/05/2023 21:59,Femme,1883495518818740.0,2022,Mécanique et Interactions (MI),Oui,,,,,,,
11/05/2023 21:53,Homme,1789471952345730.0,2022,Mécanique et Interactions (MI),Oui,,,,,,,
11/05/2023 21:25,Homme,1875955534469790.0,2022,Mécanique et Interactions (MI),Oui,,,Oui,,,,
11/05/2023 20:17,Homme,1857617044266120.0,2020,Sciences et Technologies de l'Eau (STE),Oui,,32000.0,Oui,32479.0,,,
11/05/2023 19:36,Homme,1782520393235650.0,2022,Mécanique et Interactions (MI),Oui,,,,,36000.0,Non,36000.0
11/05/2023 17:44,Homme,1793784710212640.0,2022,Sciences et Technologies de l'Eau (STE),Oui,,,,,,,
11/05/2023 15:51,Homme,1793841807785750.0,2022,Mécanique et Interactions (MI),Oui,,30000.0,Oui,33700.0,,,
11/05/2023 14:55,Homme,1898759976265950.0,2021,Mécanique et Interactions (MI),Oui,,,,,38000.0,Non,38000.0
11/05/2023 14:24,Femme,1819801253570700.0,2022,Mécanique et Interactions (MI),Oui,,,,,,Oui,
11/05/2023 13:53,Homme,1896056151835160.0,2022,Mécanique et Interactions (MI),Oui,,,,,,,
11/05/2023 10:56,Homme,1783106098956790.0,2020,Sciences et Technologies de l'Eau (STE),Oui,,10256.0,Non,10256.0,10256.0,Non,10256.0
10/05/2023 09:41,Homme,1782332270607280.0,2021,Mécanique et Interactions (MI),Oui,,,,,23000.0,Non,23000.0
10/05/2023 09:34,Homme,1798760313495600.0,2021,Mécanique et Interactions (MI),Oui,,47000.0,Oui,55000.0,,,
27/01/2023 14:10,Homme,1788581261637610.0,2020,Matériaux (MAT),,,32339.0,Non,32339.0,,,
22/04/2023 17:47,Homme,1768183587378060.0,2020,Matériaux (MAT),Oui,,37500.0,Oui,40000.0,,,
30/04/2023 16:05,Femme,1789030743229360.0,2021,Matériaux (MAT),Oui,,40000.0,Non,40000.0,,,
29/04/2023 10:11,Homme,1883049319341770.0,2022,Matériaux (MAT),Oui,,,,,,,
28/04/2023 18:00,Homme,1789420509162880.0,2022,Microélectronique Et Automatique (MEA),Oui,,60000.0,Oui,100000.0,,,
27/04/2023 23:15,Homme,1876615343182110.0,2022,Informatique et Gestion (IG),Oui,,,,,,,
27/04/2023 16:54,Homme,1882333150793200.0,2022,Matériaux (MAT),Oui,,32000.0,Non,32000.0,,,
27/04/2023 02:36,Homme,1893808520575880.0,2021,Matériaux (MAT),Oui,,49200.0,Non,49200.0,,,
26/04/2023 18:52,Femme,1759195102887890.0,2020,Génie Biologique et Agroalimentaires (GBA),Oui,,36375.0,Oui,41000.0,,,
23/04/2023 21:56,Femme,1767558567645300.0,2022,Matériaux (MAT),Oui,,37050.0,Oui,41000.0,,,
23/04/2023 17:12,Femme,1782464489811800.0,2021,Microélectronique Et Automatique (MEA),Oui,,35000.0,Oui,36000.0,,,
23/04/2023 17:12,Homme,1788753667079730.0,2021,Microélectronique Et Automatique (MEA),Oui,,35500.0,Oui,37000.0,,,
22/04/2023 22:39,Homme,1782921283593340.0,2022,Matériaux (MAT),Oui,,32000.0,Oui,34000.0,,,
03/02/2023 16:54,Femme,1782464424713140.0,2020,Matériaux (MAT),Oui,,35500.0,Oui,41500.0,,,
22/04/2023 17:13,Homme,1782332208663190.0,2021,Systèmes Embarqués (SE - apprentissage),Oui,,42000.0,Oui,45000.0,36000.0,Oui,38000.0
26/01/2023 15:18,Homme,1788753722243030.0,2020,Matériaux (MAT),Oui,,,,,,,
14/02/2023 12:00,Homme,1789312825527950.0,2020,Matériaux (MAT),Oui,,,,,,,
21/04/2023 21:29,Homme,1775272953825670.0,2021,Microélectronique Et Automatique (MEA),Oui,,40000.0,Oui,50000.0,,,
21/04/2023 21:25,Femme,1777139261206070.0,2021,Microélectronique Et Automatique (MEA),Non,Chinoise,,,,,,
21/04/2023 17:12,Femme,1783483881593000.0,2022,Sciences et Technologies de l'Eau (STE),Oui,,,Non,,,,
21/04/2023 15:37,Homme,1894775274186880.0,2022,Eau et Génie Civil (EGC - apprentissage),Oui,,36000.0,Oui,45000.0,,,
06/03/2023 09:09,Femme,1788860552721350.0,2020,Matériaux (MAT),Oui,,,Oui,,,,
19/04/2023 16:31,Homme,1793784713791570.0,2022,Informatique et Gestion (IG),Oui,,,,,,Non,
18/04/2023 10:11,Homme,1768549611635210.0,2021,Systèmes Embarqués (SE - apprentissage),Oui,,,,,,,
17/04/2023 22:13,Homme,1783429211782520.0,2022,Eau et Génie Civil (EGC - apprentissage),Oui,,34000.0,Non,34000.0,,,
17/04/2023 20:51,Homme,1793841749711960.0,2021,Systèmes Embarqués (SE - apprentissage),Oui,,34000.0,Oui,36000.0,,,
17/04/2023 15:53,Homme,1788522818395750.0,2021,Microélectronique Et Automatique (MEA),Oui,,81750.0,Non,81750.0,,,
17/04/2023 12:39,Homme,1788410726730790.0,2020,Microélectronique Et Automatique (MEA),Oui,,34068.0,Non,34068.0,,,
16/04/2023 23:48,Femme,1776693136858900.0,2022,Sciences et Technologies de l'Eau (STE),Oui,,27500.0,Non,27500.0,,,
16/04/2023 20:39,Homme,1776392098753810.0,2022,Sciences et Technologies de l'Eau (STE),Oui,,,,,,,
15/04/2023 19:12,Homme,1789312887151270.0,2020,Eau et Génie Civil (EGC - apprentissage),Oui,,36000.0,Oui,41000.0,,,
13/04/2023 23:07,Homme,1758523041000500.0,2022,Sciences et Technologies de l'Eau (STE),Oui,,,,,,,
13/04/2023 22:02,Femme,1776915174226700.0,2021,Sciences et Technologies de l'Eau (STE),Non,Éthiopienne ,34000.0,Oui,37000.0,,,
11/04/2023 18:44,Homme,1788410670097540.0,2021,Matériaux (MAT),Oui,,33000.0,Oui,35000.0,,,
11/04/2023 12:09,Femme,1783049864940510.0,2020,Génie Biologique et Agroalimentaires (GBA),Oui,,32004.0,Oui,38171.0,,,
11/04/2023 09:56,Femme,1783049866242220.0,2022,Génie Biologique et Agroalimentaires (GBA),Oui,,,,,,Non,
11/04/2023 08:17,Homme,1798487086321680.0,2022,Sciences et Technologies de l'Eau (STE),Oui,,,,,,,
07/04/2023 22:35,Homme,1767828038717650.0,2022,Sciences et Technologies de l'Eau (STE),Oui,,,Oui,,,,
07/04/2023 19:51,Femme,1776690246603470.0,2022,Génie Biologique et Agroalimentaires (GBA),Oui,,,,,,,
07/04/2023 18:13,Homme,1888691983170700.0,2022,Eau et Génie Civil (EGC - apprentissage),Oui,,37200.0,Non,37200.0,,,
07/04/2023 15:56,Homme,1817047783382280.0,2022,Eau et Génie Civil (EGC - apprentissage),Oui,,41000.0,Oui,43000.0,,,
07/04/2023 13:36,Homme,1793784759342420.0,2021,Eau et Génie Civil (EGC - apprentissage),Oui,,43200.0,Oui,46700.0,,,
04/04/2023 13:49,Homme,1775874372476520.0,2020,Microélectronique Et Automatique (MEA),Oui,,44000.0,Oui,47000.0,,,
03/04/2023 19:20,Femme,1776167055017630.0,2020,Génie Biologique et Agroalimentaires (GBA),Oui,,37000.0,Oui,40000.0,,,
01/04/2023 00:00,Homme,47712125471966.0,2022,Mécanique et Interactions (MI),Non,Chinoise,33000.0,Oui,33000.0,,,
31/03/2023 20:14,Femme,1767189237564080.0,2021,Génie Biologique et Agroalimentaires (GBA),Oui,,38500.0,Oui,38500.0,,,
31/03/2023 16:50,Femme,1767558385274970.0,2020,Informatique et Gestion (IG),Oui,,47500.0,Non,47500.0,,,
31/03/2023 04:20,Femme,1767918585744120.0,2021,Génie Biologique et Agroalimentaires (GBA),,,,,,,,
30/03/2023 09:32,Homme,1776621626696670.0,2021,Informatique et Gestion (IG),Oui,,38500.0,Oui,40000.0,,,
29/03/2023 11:18,Femme,1875495945591220.0,2021,Génie Biologique et Agroalimentaires (GBA),Oui,,31200.0,Non,31200.0,,,
29/03/2023 11:11,Homme,1768549960161460.0,2022,Mécanique et Interactions (MI),Oui,,34450.0,Oui,34450.0,,,
29/03/2023 10:52,Femme,1782338205765760.0,2021,Matériaux (MAT),Oui,,33000.0,Non,33000.0,,,
28/03/2023 23:10,Femme,1794628360740710.0,2020,Génie Biologique et Agroalimentaires (GBA),Oui,,39039.0,Oui,42039.0,,,
28/03/2023 22:24,Homme,1783103733628220.0,2021,Génie Biologique et Agroalimentaires (GBA),Oui,,32000.0,Oui,34000.0,,,
28/03/2023 14:18,Homme,1783165143274690.0,2020,Informatique et Gestion (IG),Oui,,37500.0,Oui,38000.0,,,
28/03/2023 11:29,Femme,1783101035627220.0,2022,Génie Biologique et Agroalimentaires (GBA),Oui,,40000.0,Oui,41500.0,,,
27/03/2023 23:17,Femme,1766816841421730.0,2020,Informatique et Gestion (IG),Oui,,,Non,,,,
27/03/2023 20:44,Homme,1782326986482810.0,2021,Génie Biologique et Agroalimentaires (GBA),Oui,,,,,,,
27/03/2023 20:12,Femme,1783100914527120.0,2021,Génie Biologique et Agroalimentaires (GBA),Oui,,22000.0,Oui,23000.0,,,
27/03/2023 18:09,Homme,1793841850404150.0,2022,Matériaux (MAT),Oui,,31000.0,Oui,33500.0,,,
27/03/2023 12:57,Femme,1776615967624050.0,2021,Génie Biologique et Agroalimentaires (GBA),Oui,,40000.0,Oui,42000.0,,,
27/03/2023 11:48,Femme,1776091807833230.0,2021,Génie Biologique et Agroalimentaires (GBA),Oui,,32000.0,Oui,35000.0,,,
26/03/2023 21:19,Homme,1782332281044560.0,2020,Informatique et Gestion (IG),Oui,,,,,,,
25/03/2023 11:53,Femme,1793886666618870.0,2021,Génie Biologique et Agroalimentaires (GBA),Oui,,31000.0,Non,31000.0,,,
25/03/2023 10:06,Homme,1768550499574310.0,2022,Informatique et Gestion (IG),Oui,,34160.0,Non,34160.0,,,
25/03/2023 03:32,Homme,1793841753786830.0,2022,Mécanique et Interactions (MI),Oui,,,,,,,
24/03/2023 17:47,Femme,1856804520498890.0,2020,Génie Biologique et Agroalimentaires (GBA),Oui,,41000.0,Oui,43000.0,,,
24/03/2023 17:46,Femme,1783045765966630.0,2021,Génie Biologique et Agroalimentaires (GBA),Oui,,33000.0,Non,33000.0,,Non,
24/03/2023 17:07,Femme,1783036913564170.0,2020,Génie Biologique et Agroalimentaires (GBA),Oui,,38500.0,Oui,39000.0,,,
24/03/2023 16:58,Femme,1903005388776860.0,2021,Génie Biologique et Agroalimentaires (GBA),Oui,,,Non,,20000.0,Non,20000.0
24/03/2023 16:38,Femme,1799018776137710.0,2021,Génie Biologique et Agroalimentaires (GBA),Oui,,29500.0,Oui,32000.0,,,
24/03/2023 16:05,Femme,1888769130898010.0,2021,Génie Biologique et Agroalimentaires (GBA),Oui,,,,,38400.0,Oui,42400.0
24/03/2023 15:23,Femme,1775414009005030.0,2022,Génie Biologique et Agroalimentaires (GBA),Oui,,34000.0,Non,34000.0,,,
24/03/2023 13:22,Homme,1788692187750670.0,2022,Mécanique et Interactions (MI),Oui,,28650.0,Oui,32000.0,,,
24/03/2023 11:07,Femme,1794193640473770.0,2022,Génie Biologique et Agroalimentaires (GBA),Oui,,34000.0,Oui,34000.0,,,
24/03/2023 11:03,Femme,1788410326946400.0,2022,Génie Biologique et Agroalimentaires (GBA),Non,Allemande,42000.0,Oui,45487.0,,,
24/03/2023 10:56,Homme,1767194049189820.0,2022,Génie Biologique et Agroalimentaires (GBA),Oui,,,Oui,,,,
24/03/2023 10:39,Femme,1783239889874180.0,2020,Génie Biologique et Agroalimentaires (GBA),Oui,,39000.0,Non,39000.0,,,
24/03/2023 10:02,Homme,1868316566164700.0,2020,Informatique et Gestion (IG),Oui,,37000.0,Oui,38000.0,,,
24/03/2023 09:58,Femme,1788686096893490.0,2020,Génie Biologique et Agroalimentaires (GBA),Oui,,27500.0,Non,27500.0,,,
24/03/2023 09:53,Femme,1775955957977140.0,2020,Génie Biologique et Agroalimentaires (GBA),Oui,,31203.0,Oui,34000.0,,,
23/03/2023 18:54,Homme,1793786763733010.0,2022,Mécanique et Interactions (MI),Oui,,,,,,,
23/03/2023 18:09,Homme,1899261168591870.0,2020,Systèmes Embarqués (SE - apprentissage),,,,,,37200.0,Oui,53000.0
23/03/2023 17:19,Femme,1775265347726000.0,2020,Génie Biologique et Agroalimentaires (GBA),Oui,,32307.0,Oui,35000.0,,,
23/03/2023 17:04,Homme,60205999132796.0,2022,Informatique et Gestion (IG),Non,Senegalaise,53100.0,Non,53100.0,,,
23/03/2023 16:31,Femme,1776695376937730.0,2021,Génie Biologique et Agroalimentaires (GBA),Oui,,,,,,,
23/03/2023 08:47,Femme,1913884933538010.0,2022,Sciences et Technologies de l'Eau (STE),Non,Péruvienne,32000.0,Oui,34100.0,,,
23/03/2023 08:43,Homme,1794680868627280.0,2020,Systèmes Embarqués (SE - apprentissage),Oui,,,Non,,,,
23/03/2023 08:29,Homme,1794332466676110.0,2022,Mécanique et Interactions (MI),Oui,,34300.0,Non,34300.0,,,
23/03/2023 06:47,Homme,1876106416468640.0,2022,Microélectronique Et Automatique (MEA),Non,Brésilienne,10000.0,Non,10000.0,,,
22/03/2023 19:37,Homme,1767190070685740.0,2022,Eau et Génie Civil (EGC - apprentissage),Oui,,40000.0,Oui,46000.0,,,
22/03/2023 19:24,Homme,1793841897918010.0,2021,Eau et Génie Civil (EGC - apprentissage),Oui,,36500.0,Non,36500.0,,,
22/03/2023 18:43,Femme,1799018775733650.0,2022,Eau et Génie Civil (EGC - apprentissage),Non,Burkinabé ,,,,30000.0,Non,30000.0
22/03/2023 18:26,Homme,1783429139858020.0,2022,Sciences et Technologies de l'Eau (STE),Oui,,57000.0,Oui,62000.0,,,
22/03/2023 18:21,Homme,1782917235022370.0,2022,Mécanique et Interactions (MI),Oui,,,,,,,
22/03/2023 18:20,Homme,1767190160340410.0,2020,Eau et Génie Civil (EGC - apprentissage),Oui,,42000.0,Oui,55000.0,,,
22/03/2023 18:13,Femme,1788516818654960.0,2020,Eau et Génie Civil (EGC - apprentissage),Oui,,41000.0,Oui,46000.0,,,
22/03/2023 17:09,Homme,1783049680086410.0,2021,Matériaux (MAT),Oui,,34800.0,Oui,37500.0,,,
19/03/2023 15:07,Femme,1782782059962560.0,2020,Génie Biologique et Agroalimentaires (GBA),Oui,,40000.0,Non,40000.0,,,
18/03/2023 16:43,Homme,1783297923325090.0,2022,Informatique et Gestion (IG),Oui,,44000.0,Non,44000.0,,,
14/03/2023 17:07,Homme,1789743836670460.0,2020,Informatique et Gestion (IG),Oui,,50000.0,Non,50000.0,,,
13/03/2023 22:26,Homme,1783551797797200.0,2020,Eau et Génie Civil (EGC - apprentissage),Oui,,84500.0,Oui,90000.0,37700.0,Oui,39000.0
13/03/2023 11:30,Homme,1789751529102610.0,2020,Microélectronique Et Automatique (MEA),Non,Italienne,37500.0,Non,37500.0,,,
12/03/2023 21:51,Homme,1788460149544450.0,2020,Eau et Génie Civil (EGC - apprentissage),Oui,,36000.0,Oui,38500.0,,,
12/03/2023 14:48,Homme,1768183496273810.0,2020,Informatique et Gestion (IG),Oui,,45000.0,Non,45000.0,,,
10/03/2023 18:30,Homme,1782921218686600.0,2020,Mécanique Structures Industrielles (MSI - apprentissage),Oui,,44400.0,Oui,52100.0,,,
09/03/2023 23:11,Homme,1882335760456850.0,2021,Informatique et Gestion (IG),Oui,,42000.0,Oui,45000.0,35000.0,Oui,50000.0
09/03/2023 16:40,Homme,1783165151574090.0,2020,Informatique et Gestion (IG),Oui,,75000.0,Non,75000.0,38000.0,Non,38000.0
09/03/2023 16:14,Homme,1775873539752900.0,2020,Informatique et Gestion (IG),Oui,,45000.0,Non,45000.0,30000.0,Oui,36000.0
09/03/2023 11:39,Homme,1768549888396460.0,2022,Eau et Génie Civil (EGC - apprentissage),Oui,,31850.0,Oui,34500.0,,,
08/03/2023 15:04,Homme,1776107021330320.0,2020,Informatique et Gestion (IG),Oui,,50000.0,Non,50000.0,29000.0,Non,29000.0
08/03/2023 12:25,Homme,1882522578241470.0,2020,Informatique et Gestion (IG),Non,Brésilienne,44000.0,Non,44000.0,,,
08/03/2023 11:39,Homme,1767838787712970.0,2021,Informatique et Gestion (IG),Oui,,36000.0,Oui,39600.0,,,
08/03/2023 11:36,Homme,1788410960407410.0,2022,Eau et Génie Civil (EGC - apprentissage),Oui,,30360.0,Oui,33649.0,,,
08/03/2023 11:25,Homme,1775270642923870.0,2020,Informatique et Gestion (IG),Oui,,,Oui,,,,
08/03/2023 10:39,Homme,1798714174619490.0,2022,Eau et Génie Civil (EGC - apprentissage),Oui,,30000.0,Non,30000.0,,,
08/03/2023 10:31,Homme,1788910985230730.0,2022,Eau et Génie Civil (EGC - apprentissage),Oui,,36000.0,Oui,39900.0,,,
08/03/2023 10:31,Femme,1783230237483100.0,2022,Eau et Génie Civil (EGC - apprentissage),Oui,,37800.0,Oui,41895.0,,,
07/03/2023 21:43,Homme,1776177653526070.0,2020,Microélectronique Et Automatique (MEA),Non,Marocaine,35100.0,Oui,37100.0,30000.0,Oui,31500.0
07/03/2023 09:42,Homme,1883678675918150.0,2020,Mécanique et Interactions (MI),Oui,,30000.0,Oui,38500.0,,,
06/03/2023 14:03,Homme,1775427164460220.0,2021,Systèmes Embarqués (SE - apprentissage),Oui,,32000.0,Oui,35000.0,,,
22/04/2023 16:30,Femme,1994332188505840.0,2020,Matériaux (MAT),,,30600.0,Non,30600.0,,,
03/03/2023 14:03,Femme,1776166991759020.0,2021,Microélectronique Et Automatique (MEA),Oui,,34000.0,Non,34000.0,,,
03/03/2023 10:02,Femme,1775955961860540.0,2022,Génie Biologique et Agroalimentaires (GBA),Oui,,36100.0,Oui,36100.0,,,
02/03/2023 20:24,Homme,1777070305840640.0,2022,Microélectronique Et Automatique (MEA),Oui,,37500.0,Non,37500.0,,,
02/03/2023 19:39,Homme,1888802866345600.0,2021,Microélectronique Et Automatique (MEA),Non,Algérienne,41000.0,Oui,43700.0,,,
02/03/2023 19:28,Homme,1768549617933890.0,2021,Systèmes Embarqués (SE - apprentissage),Oui,,,,,,,
02/03/2023 19:16,Homme,1798487266210660.0,2022,Microélectronique Et Automatique (MEA),Oui,,57590.0,Oui,63358.0,,,
02/03/2023 12:27,Homme,1802929765219250.0,2020,Eau et Génie Civil (EGC - apprentissage),Oui,,,,,,,
02/03/2023 08:47,Homme,1767473044458750.0,2020,Microélectronique Et Automatique (MEA),Oui,,36000.0,Oui,43000.0,,,
01/03/2023 15:27,Homme,1788410955870170.0,2021,Matériaux (MAT),Oui,,30000.0,Oui,49600.0,,,
01/03/2023 09:20,Femme,1876052182501930.0,2021,Génie Biologique et Agroalimentaires (GBA),Oui,,,,,,,
28/02/2023 12:48,Homme,1768367355289050.0,2021,Informatique et Gestion (IG),Oui,,,,,,,
27/02/2023 18:01,Homme,1767362688988250.0,2020,Eau et Génie Civil (EGC - apprentissage),Oui,,29400.0,Oui,32000.0,,,
27/02/2023 15:21,Homme,1775955964081440.0,2021,Eau et Génie Civil (EGC - apprentissage),Oui,,36000.0,Oui,40000.0,,,
26/02/2023 16:57,Femme,1782593075288160.0,2022,Matériaux (MAT),Oui,,40000.0,Non,40000.0,,,
25/02/2023 11:45,Femme,1788409475662410.0,2020,Génie Biologique et Agroalimentaires (GBA),Oui,,32000.0,Oui,33500.0,,,
24/02/2023 17:54,Homme,1810544163800990.0,2021,Matériaux (MAT),Non,Brésilienne,,,,,,
24/02/2023 17:28,Homme,1789357194441510.0,2022,Matériaux (MAT),Oui,,36600.0,Oui,40000.0,,,
03/02/2023 16:06,Femme,1794332416683640.0,2020,Matériaux (MAT),Oui,,32000.0,Non,32000.0,,,
23/02/2023 16:47,Homme,1889312886573050.0,2020,Microélectronique Et Automatique (MEA),Oui,,37000.0,Oui,39000.0,33000.0,Oui,34000.0
23/02/2023 13:00,Homme,1783551733078500.0,2021,Génie Biologique et Agroalimentaires (GBA),Oui,,30000.0,Oui,36000.0,,,
23/02/2023 10:53,Femme,1776167053468420.0,2020,Génie Biologique et Agroalimentaires (GBA),Oui,,,,,38000.0,Non,38000.0
23/02/2023 09:09,Femme,1783552301979020.0,2021,Génie Biologique et Agroalimentaires (GBA),Oui,,35000.0,Non,35000.0,28000.0,Non,28000.0
23/02/2023 06:29,Femme,1798751286695650.0,2020,Génie Biologique et Agroalimentaires (GBA),Oui,,25300.0,Non,25300.0,22800.0,Non,22800.0
23/02/2023 05:09,Homme,1799286120474790.0,2022,Systèmes Embarqués (SE - apprentissage),Oui,,30000.0,Non,30000.0,,,
22/02/2023 15:26,Homme,1766809577162840.0,2022,Informatique et Gestion (IG),Oui,,,,,,,
22/02/2023 10:26,Homme,1782336313623750.0,2022,Sciences et Technologies de l'Eau (STE),Oui,,,Oui,,,,
21/02/2023 10:37,Homme,1788753613143020.0,2020,Systèmes Embarqués (SE - apprentissage),Oui,,42500.0,Non,42500.0,41000.0,Oui,42000.0
21/02/2023 10:16,Homme,1794096388000370.0,2021,Microélectronique Et Automatique (MEA),Oui,,32997.0,Non,32997.0,,,
21/02/2023 09:24,Homme,1794775501410280.0,2021,Microélectronique Et Automatique (MEA),,,38000.0,Oui,40000.0,31200.0,Non,31200.0
20/02/2023 23:07,Homme,1894332243178390.0,2022,Matériaux (MAT),Oui,,25200.0,Oui,28000.0,,,
20/02/2023 22:49,Femme,1802769964527760.0,2021,Génie Biologique et Agroalimentaires (GBA),Oui,,32400.0,Oui,32400.0,,,
20/02/2023 22:37,Femme,1794332572090700.0,2021,Génie Biologique et Agroalimentaires (GBA),Oui,,,,,,,
20/02/2023 19:12,Femme,1788516762629580.0,2020,Génie Biologique et Agroalimentaires (GBA),Oui,,26400.0,Oui,26400.0,,,
20/02/2023 18:52,Homme,1888692414711220.0,2020,Génie Biologique et Agroalimentaires (GBA),Oui,,27000.0,Oui,29250.0,,,
20/02/2023 18:08,Homme,1776621772644070.0,2021,Eau et Génie Civil (EGC - apprentissage),Oui,,36000.0,Oui,37000.0,,,
20/02/2023 18:07,Homme,1794332471046590.0,2021,Systèmes Embarqués (SE - apprentissage),Oui,,38000.0,Non,38000.0,,,
20/02/2023 15:09,Femme,1767828128912480.0,2021,Génie Biologique et Agroalimentaires (GBA),Oui,,30000.0,Oui,32900.0,,,
20/02/2023 14:58,Femme,1782462472987090.0,2020,Génie Biologique et Agroalimentaires (GBA),Oui,,34000.0,Oui,36000.0,,,
20/02/2023 13:16,Femme,1906660969671130.0,2020,Génie Biologique et Agroalimentaires (GBA),Oui,,39000.0,Oui,39000.0,39000.0,Non,39000.0
20/02/2023 12:46,Femme,1782328826266060.0,2022,Génie Biologique et Agroalimentaires (GBA),Oui,,37800.0,Oui,41500.0,,,
20/02/2023 12:44,Femme,1788970875470830.0,2021,Matériaux (MAT),Non,Marocaine,,,,,,
20/02/2023 12:37,Femme,1769089983588510.0,2021,Génie Biologique et Agroalimentaires (GBA),Oui,,,,,,,
20/02/2023 12:18,Femme,1776166918891870.0,2021,Génie Biologique et Agroalimentaires (GBA),Oui,,,,,30000.0,Oui,31000.0
20/02/2023 12:11,Homme,1876621281945100.0,2021,Sciences et Technologies de l'Eau (STE),Oui,,38000.0,Non,38000.0,,,
20/02/2023 12:07,Femme,1776167061708890.0,2022,Génie Biologique et Agroalimentaires (GBA),Oui,,,,,,,
20/02/2023 11:57,Homme,1767650767951450.0,2021,Microélectronique Et Automatique (MEA),Oui,,,,,31000.0,Non,31000.0
20/02/2023 11:47,Femme,1789245951709390.0,2021,Génie Biologique et Agroalimentaires (GBA),Oui,,,,,,,
20/02/2023 10:43,Homme,1768183678697820.0,2021,Microélectronique Et Automatique (MEA),Oui,,,,,20088.0,Non,20088.0
20/02/2023 09:53,Homme,1799284447124130.0,2020,Microélectronique Et Automatique (MEA),Non,Tunisienne,39000.0,Oui,45000.0,,,
20/02/2023 08:07,Homme,1788918782266590.0,2021,Systèmes Embarqués (SE - apprentissage),Oui,,37800.0,Non,37800.0,,,
19/02/2023 22:39,Homme,1789470186881510.0,2020,Mécanique et Interactions (MI),Oui,,34000.0,Oui,36000.0,,,
19/02/2023 21:50,Homme,1776551716488150.0,2021,Matériaux (MAT),Oui,,47000.0,Oui,49000.0,,,
19/02/2023 21:39,Femme,1793838194820330.0,2021,Génie Biologique et Agroalimentaires (GBA),Oui,,33000.0,Non,33000.0,,,
19/02/2023 21:14,Femme,1788639865433410.0,2021,Sciences et Technologies de l'Eau (STE),Oui,,26400.0,Oui,30000.0,,,
19/02/2023 14:04,Homme,1776106790932630.0,2021,Microélectronique Et Automatique (MEA),Oui,,33000.0,Oui,33000.0,,,
19/02/2023 13:28,Homme,1776019599331780.0,2022,Microélectronique Et Automatique (MEA),Oui,,32000.0,Oui,33000.0,,,
19/02/2023 13:25,Homme,1798487180756620.0,2021,Eau et Génie Civil (EGC - apprentissage),Oui,,,,,,,
19/02/2023 07:33,Homme,1788460155174270.0,2020,Systèmes Embarqués (SE - apprentissage),,,,,,,,
18/02/2023 19:01,Homme,1782332270006630.0,2022,Microélectronique Et Automatique (MEA),Oui,,,,,,,
18/02/2023 17:58,Homme,1783429211757400.0,2021,Microélectronique Et Automatique (MEA),Oui,,,,,,,
18/02/2023 17:30,Homme,1782392903986310.0,2020,Systèmes Embarqués (SE - apprentissage),Oui,,36000.0,Oui,40000.0,,,
18/02/2023 15:58,Homme,1783551727452290.0,2022,Microélectronique Et Automatique (MEA),Oui,,40000.0,Oui,43000.0,,,
18/02/2023 15:01,Homme,1782779356697980.0,2020,Systèmes Embarqués (SE - apprentissage),Oui,,55000.0,Non,55000.0,,,
18/02/2023 13:18,Homme,1803013677885640.0,2021,Microélectronique Et Automatique (MEA),Oui,,32000.0,Non,32000.0,,,
18/02/2023 13:03,Homme,1798760222320800.0,2022,Microélectronique Et Automatique (MEA),Oui,,32000.0,Non,32000.0,,,
18/02/2023 11:09,Homme,1798753161154250.0,2020,Microélectronique Et Automatique (MEA),Oui,,,,,,,
18/02/2023 11:07,Homme,1794775550865920.0,2021,Systèmes Embarqués (SE - apprentissage),,,42000.0,Oui,55000.0,25000.0,Oui,32000.0
18/02/2023 10:52,Homme,1783174101378910.0,2020,Systèmes Embarqués (SE - apprentissage),Oui,,43000.0,Oui,49000.0,37000.0,Non,37000.0
18/02/2023 10:47,Homme,1794034499787670.0,2021,Systèmes Embarqués (SE - apprentissage),Oui,,36000.0,Non,36000.0,30000.0,Non,30000.0
18/02/2023 10:29,Homme,1775713375394750.0,2022,Systèmes Embarqués (SE - apprentissage),Oui,,36000.0,Non,36000.0,,,
18/02/2023 10:25,Homme,1775865280286940.0,2021,Microélectronique Et Automatique (MEA),Oui,,,Oui,,,,
26/01/2023 20:27,Homme,1768556234866690.0,2020,Matériaux (MAT),Oui,,,,,,,
18/02/2023 09:01,Femme,1783045827517810.0,2022,Sciences et Technologies de l'Eau (STE),,,23600.0,Oui,27000.0,,,
17/02/2023 19:21,Homme,1789022859354490.0,2020,Eau et Génie Civil (EGC - apprentissage),Oui,,37000.0,Oui,42000.0,,,
17/02/2023 19:14,Homme,1775264588492900.0,2021,Informatique et Gestion (IG),Oui,,,,,,,
17/02/2023 18:44,Femme,1793990180098860.0,2022,Génie Biologique et Agroalimentaires (GBA),Oui,,32400.0,Oui,35400.0,,,
17/02/2023 17:55,Femme,1893834515466240.0,2021,Eau et Génie Civil (EGC - apprentissage),,,,,,,,
17/02/2023 17:44,Homme,1789139065168450.0,2022,Informatique et Gestion (IG),Oui,,,,,22000.0,Oui,24500.0
17/02/2023 16:55,Femme,1794332572991420.0,2022,Sciences et Technologies de l'Eau (STE),Oui,,28000.0,Non,28000.0,,,
17/02/2023 15:39,Homme,1768381913131040.0,2022,Informatique et Gestion (IG),Oui,,32500.0,Non,32500.0,,,
17/02/2023 15:36,Homme,1782520259462620.0,2020,Informatique et Gestion (IG),Oui,,44000.0,Oui,53000.0,31000.0,Non,31000.0
17/02/2023 14:08,Femme,1882332491754170.0,2021,Sciences et Technologies de l'Eau (STE),Non,Malaisienne,,,,,,
17/02/2023 12:40,Homme,1799416697934880.0,2021,Eau et Génie Civil (EGC - apprentissage),Oui,,32880.0,Oui,35000.0,,,
17/02/2023 12:27,Homme,1768183497095870.0,2021,Eau et Génie Civil (EGC - apprentissage),Oui,,41500.0,Oui,52000.0,,,
17/02/2023 11:57,Homme,1767472964490090.0,2020,Mécanique Structures Industrielles (MSI - apprentissage),Oui,,42000.0,Oui,49900.0,,,
17/02/2023 07:55,Homme,1794034695610840.0,2021,Microélectronique Et Automatique (MEA),Oui,,32000.0,Non,32000.0,,,
16/02/2023 20:54,Homme,1883483808591720.0,2020,Microélectronique Et Automatique (MEA),Oui,,,Oui,,,,
15/02/2023 15:57,Femme,1789420291422310.0,2022,Génie Biologique et Agroalimentaires (GBA),Oui,,,,,,Non,
15/02/2023 08:02,Femme,1882333151509550.0,2020,Mécanique et Interactions (MI),Oui,,35200.0,Oui,43000.0,19747.0,Non,19747.0
14/02/2023 18:31,Homme,1783297983268430.0,2022,Sciences et Technologies de l'Eau (STE),Oui,,,,,,,
27/01/2023 09:22,Homme,1789139176706330.0,2020,Matériaux (MAT),Oui,,36000.0,Non,36000.0,,,
14/02/2023 07:48,Femme,1783045885295520.0,2020,Systèmes Embarqués (SE - apprentissage),Oui,,35000.0,Oui,37000.0,,,
13/02/2023 18:37,Femme,1776166982737600.0,2021,Mécanique et Interactions (MI),Oui,,34200.0,Non,34200.0,,,
13/02/2023 18:11,Femme,1798974154596700.0,2021,Génie Biologique et Agroalimentaires (GBA),Oui,,28858.0,Oui,32000.0,,,
18/02/2023 09:22,Femme,1783483872013320.0,2020,Matériaux (MAT),Oui,,31000.0,Non,31000.0,,,
12/02/2023 14:07,Homme,1767833504256240.0,2020,Mécanique et Interactions (MI),Oui,,42000.0,Oui,45000.0,,,
11/02/2023 18:06,Homme,1782336060520780.0,2021,Microélectronique Et Automatique (MEA),Oui,,38000.0,Oui,40000.0,,,
11/02/2023 18:06,Femme,1782332803576800.0,2021,Sciences et Technologies de l'Eau (STE),Oui,,,,,,,
11/02/2023 16:59,Homme,1875976728047100.0,2021,Mécanique et Interactions (MI),Oui,,36000.0,Oui,37000.0,32000.0,Non,32000.0
11/02/2023 13:39,Homme,1793840447037670.0,2021,Microélectronique Et Automatique (MEA),Oui,,48518.0,Oui,50468.0,,,
10/02/2023 18:48,Ne souhaite pas répondre,1776106872911820.0,2022,Microélectronique Et Automatique (MEA),Oui,,30000.0,Oui,40000.0,,,
10/02/2023 11:48,Femme,1775263820111760.0,2021,Microélectronique Et Automatique (MEA),Oui,,34200.0,Oui,38000.0,,,
09/02/2023 19:30,Homme,1789139125979470.0,2020,Microélectronique Et Automatique (MEA),Oui,,36000.0,Non,36000.0,,,
09/02/2023 18:03,Homme,1776106574024290.0,2021,Informatique et Gestion (IG),Oui,,50000.0,Non,50000.0,35000.0,Non,35000.0
09/02/2023 15:06,Homme,1793744651204510.0,2021,Sciences et Technologies de l'Eau (STE),Oui,,27600.0,Oui,31000.0,,,
09/02/2023 13:59,Femme,1827085733230460.0,2021,Informatique et Gestion (IG),Non,Roumaine,,Oui,,,,
09/02/2023 10:53,Homme,1875270214196200.0,2020,Sciences et Technologies de l'Eau (STE),Oui,,36000.0,Oui,37000.0,,,
09/02/2023 10:47,Femme,1782332987613640.0,2020,Génie Biologique et Agroalimentaires (GBA),,,,,,,,
09/02/2023 08:05,Femme,1775956183971460.0,2021,Microélectronique Et Automatique (MEA),Oui,,31200.0,Oui,36200.0,,,
08/02/2023 19:54,Homme,1776541346524700.0,2021,Informatique et Gestion (IG),Oui,,38000.0,Oui,45000.0,,,
08/02/2023 17:00,Homme,1788522878921020.0,2021,Informatique et Gestion (IG),Oui,,45000.0,Oui,50000.0,,,
08/02/2023 15:17,Homme,1782332138922440.0,2021,Informatique et Gestion (IG),Oui,,73000.0,Non,73000.0,,,
08/02/2023 15:10,Homme,1782529546349580.0,2022,Informatique et Gestion (IG),,,,,,,,
08/02/2023 14:57,Homme,1888742113596450.0,2021,Informatique et Gestion (IG),Non,Camerounaise,,Non,,,,
08/02/2023 14:07,Femme,1875413508815290.0,2022,Matériaux (MAT),Oui,,31200.0,Oui,34000.0,,,
08/02/2023 14:02,Homme,1756662215309860.0,2022,Microélectronique Et Automatique (MEA),Oui,,32670.0,Oui,33000.0,,,
08/02/2023 13:11,Homme,1868316565632230.0,2021,Eau et Génie Civil (EGC - apprentissage),Oui,,32000.0,Oui,37000.0,,,
08/02/2023 09:41,Homme,1783551660836590.0,2020,Microélectronique Et Automatique (MEA),Oui,,29400.0,Non,29400.0,,,
07/02/2023 21:04,Homme,1883551733053140.0,2022,Sciences et Technologies de l'Eau (STE),Oui,,33000.0,Oui,37000.0,,,
07/02/2023 19:53,Femme,1788922030976540.0,2021,Mécanique et Interactions (MI),Oui,,33300.0,Non,33300.0,,,
07/02/2023 19:39,Homme,1794680862667650.0,2022,Microélectronique Et Automatique (MEA),Oui,,31500.0,Non,31500.0,,,
07/02/2023 15:23,Homme,1793744502773150.0,2022,Microélectronique Et Automatique (MEA),Oui,,,,,,,
07/02/2023 14:17,Homme,1767833230934110.0,2021,Mécanique et Interactions (MI),Oui,,,,,,,
07/02/2023 14:15,Homme,1906661711542560.0,2022,Mécanique et Interactions (MI),Oui,,39000.0,Non,39000.0,,,
07/02/2023 13:13,Homme,1776106867791450.0,2021,Mécanique et Interactions (MI),Oui,,36500.0,Oui,38000.0,,,
07/02/2023 12:10,Homme,1868367438963630.0,2022,Mécanique Structures Industrielles (MSI - apprentissage),Oui,,,,,,,
07/02/2023 11:32,Homme,1789471732111400.0,2020,Mécanique Structures Industrielles (MSI - apprentissage),Oui,,36000.0,Non,36000.0,,,
07/02/2023 10:33,Homme,1775257671043310.0,2022,Microélectronique Et Automatique (MEA),Non,Marocaine,33600.0,Non,33600.0,,,
07/02/2023 10:10,Femme,1889467657059480.0,2022,Microélectronique Et Automatique (MEA),Oui,,44800.0,Oui,48600.0,,,
07/02/2023 09:36,Homme,1810646140814190.0,2022,Microélectronique Et Automatique (MEA),Non,Marocaine,34000.0,Oui,35000.0,,,
07/02/2023 09:02,Homme,1768183769929160.0,2020,Systèmes Embarqués (SE - apprentissage),Oui,,,,,,,
07/02/2023 05:45,Homme,1882332498474700.0,2020,Mécanique Structures Industrielles (MSI - apprentissage),Oui,,52500.0,Non,52500.0,,,
06/02/2023 22:14,Homme,1767190268463680.0,2021,Microélectronique Et Automatique (MEA),Oui,,42000.0,Non,42000.0,,,
06/02/2023 20:37,Homme,1768549611509780.0,2022,Mécanique Structures Industrielles (MSI - apprentissage),Oui,,,,,,,
06/02/2023 20:15,Homme,1776695446040510.0,2022,Microélectronique Et Automatique (MEA),Oui,,37000.0,Oui,37000.0,,,
06/02/2023 20:06,Homme,1789139176243790.0,2020,Systèmes Embarqués (SE - apprentissage),Oui,,40000.0,Oui,45000.0,,,
06/02/2023 19:53,Homme,1788410731268180.0,2022,Systèmes Embarqués (SE - apprentissage),Oui,,34800.0,Non,34800.0,,,
06/02/2023 18:18,Homme,1782714865636150.0,2021,Eau et Génie Civil (EGC - apprentissage),Oui,,39312.0,Oui,43570.0,,,
06/02/2023 18:12,Homme,1789134608475590.0,2021,Mécanique et Interactions (MI),Oui,,35000.0,Non,35000.0,,,
06/02/2023 17:27,Homme,1868316575186820.0,2022,Eau et Génie Civil (EGC - apprentissage),Oui,,,,,,,
06/02/2023 16:44,Homme,1793786767761630.0,2020,Mécanique et Interactions (MI),Oui,,33000.0,Non,33000.0,,,
06/02/2023 16:22,Homme,1789030792926960.0,2021,Microélectronique Et Automatique (MEA),Non,Italienne,38000.0,Non,38000.0,,,
06/02/2023 16:06,Homme,1783551670984510.0,2020,Mécanique et Interactions (MI),Oui,,,,,,,
06/02/2023 16:06,Femme,1783174162122380.0,2022,Microélectronique Et Automatique (MEA),Oui,,35000.0,Non,35000.0,,,
06/02/2023 15:38,Homme,1876394537750010.0,2021,Microélectronique Et Automatique (MEA),Non,Brésilienne,38000.0,Non,38000.0,,,
06/02/2023 15:04,Homme,1789139006721990.0,2020,Mécanique et Interactions (MI),Oui,,,,,,,
06/02/2023 14:41,Homme,1867472457248930.0,2021,Mécanique et Interactions (MI),Oui,,,Oui,,,,
06/02/2023 13:44,Homme,1982874439967810.0,2021,Systèmes Embarqués (SE - apprentissage),Oui,,32500.0,Oui,35000.0,,,
06/02/2023 13:43,Homme,1888459797367970.0,2022,Systèmes Embarqués (SE - apprentissage),Oui,,39000.0,Oui,39000.0,,,
06/02/2023 13:21,Homme,1782520328946360.0,2022,Systèmes Embarqués (SE - apprentissage),Non,Italienne,41000.0,Oui,44000.0,,,
06/02/2023 12:53,Homme,1775713768096590.0,2022,Mécanique Structures Industrielles (MSI - apprentissage),Oui,,32500.0,Oui,32500.0,,,
06/02/2023 12:44,Homme,1793840346963580.0,2022,Microélectronique Et Automatique (MEA),Oui,,,,,,,
06/02/2023 12:39,Femme,1867188673642090.0,2022,Microélectronique Et Automatique (MEA),Oui,,32000.0,Non,32000.0,,,
06/02/2023 12:38,Femme,1789086611105750.0,2021,Mécanique et Interactions (MI),Oui,,,,,,,
06/02/2023 11:38,Femme,1883235661705890.0,2022,Systèmes Embarqués (SE - apprentissage),Oui,,32028.0,Non,32028.0,,,
06/02/2023 11:37,Femme,1857534014892390.0,2020,Mécanique et Interactions (MI),Oui,,39000.0,Oui,42000.0,,,
06/02/2023 11:30,Femme,1776091883997910.0,2022,Systèmes Embarqués (SE - apprentissage),Oui,,34000.0,Non,34000.0,,,
06/02/2023 11:27,Homme,1875976736425980.0,2021,Mécanique et Interactions (MI),Oui,,38000.0,Oui,40000.0,,,
06/02/2023 11:25,Homme,1789583003245020.0,2020,Mécanique et Interactions (MI),Oui,,36000.0,Non,36000.0,,,
06/02/2023 11:22,Homme,1798491360821410.0,2022,Mécanique et Interactions (MI),Oui,,,,,,,
06/02/2023 10:42,Homme,1768549695730200.0,2020,Microélectronique Et Automatique (MEA),Oui,,34000.0,Oui,37000.0,33000.0,Non,33000.0
06/02/2023 10:32,Homme,1783679157044340.0,2020,Microélectronique Et Automatique (MEA),Oui,,40000.0,Non,40000.0,,,
06/02/2023 10:31,Homme,1789582939685460.0,2022,Microélectronique Et Automatique (MEA),Oui,,36000.0,Non,36000.0,,,
06/02/2023 10:30,Homme,1783800223388210.0,2022,Microélectronique Et Automatique (MEA),Oui,,28000.0,Non,28000.0,,,
06/02/2023 10:24,Femme,1794779368777150.0,2022,Microélectronique Et Automatique (MEA),Oui,,43200.0,Oui,43200.0,,,
06/02/2023 10:22,Homme,1793784815517690.0,2021,Mécanique Structures Industrielles (MSI - apprentissage),Oui,,31900.0,Oui,36000.0,,,
06/02/2023 10:21,Femme,1789022851620510.0,2020,Sciences et Technologies de l'Eau (STE),Oui,,30000.0,Oui,33000.0,,,
06/02/2023 10:20,Homme,1782392709213450.0,2022,Sciences et Technologies de l'Eau (STE),Oui,,30000.0,Non,30000.0,,,
06/02/2023 10:19,Femme,1975368346993550.0,2022,Microélectronique Et Automatique (MEA),Oui,,37000.0,Oui,37000.0,,,
06/02/2023 10:13,Homme,1789083315570470.0,2020,Microélectronique Et Automatique (MEA),Oui,,44298.0,Oui,46000.0,,,
06/02/2023 10:10,Homme,1907106830172250.0,2020,Microélectronique Et Automatique (MEA),Non,Iranienne,,,,,,
06/02/2023 09:50,Femme,1776102363137030.0,2022,Génie Biologique et Agroalimentaires (GBA),Oui,,25200.0,Non,25200.0,,,
06/02/2023 09:31,Homme,1782921283593280.0,2021,Systèmes Embarqués (SE - apprentissage),Oui,,44000.0,Oui,50000.0,,,
06/02/2023 09:31,Homme,1789078902214180.0,2021,Microélectronique Et Automatique (MEA),Oui,,,,,,,
06/02/2023 09:29,Femme,1775417001507990.0,2020,Microélectronique Et Automatique (MEA),Oui,,,,,,,
06/02/2023 09:17,Homme,1882331845956370.0,2020,Systèmes Embarqués (SE - apprentissage),Oui,,34800.0,Oui,38515.0,,,
06/02/2023 09:12,Homme,1888459775059930.0,2022,Microélectronique Et Automatique (MEA),Oui,,,,,,,
06/02/2023 09:11,Femme,1783101112615370.0,2020,Microélectronique Et Automatique (MEA),Oui,,40000.0,Non,40000.0,32000.0,Non,32000.0
06/02/2023 09:02,Homme,1794332573510870.0,2021,Mécanique Structures Industrielles (MSI - apprentissage),Oui,,42000.0,Oui,48000.0,35000.0,Non,35000.0
06/02/2023 08:52,Homme,1783483875189310.0,2020,Mécanique Structures Industrielles (MSI - apprentissage),Oui,,48500.0,Oui,48500.0,,,
06/02/2023 08:39,Homme,1783429150777960.0,2021,Mécanique Structures Industrielles (MSI - apprentissage),Oui,,38200.0,Non,38200.0,,,
06/02/2023 08:39,Homme,1788410782875900.0,2020,Mécanique Structures Industrielles (MSI - apprentissage),Oui,,43000.0,Oui,51000.0,,,
06/02/2023 08:37,Homme,1767833242840040.0,2020,Systèmes Embarqués (SE - apprentissage),Oui,,36720.0,Oui,37500.0,,,
06/02/2023 08:36,Homme,1789034153473140.0,2020,Mécanique Structures Industrielles (MSI - apprentissage),Oui,,,Oui,,,,
06/02/2023 08:33,Homme,1793841757720070.0,2022,Mécanique Structures Industrielles (MSI - apprentissage),Oui,,,,,,,
06/02/2023 08:33,Femme,1776167061760460.0,2020,Systèmes Embarqués (SE - apprentissage),Oui,,38600.0,Oui,38600.0,,,
06/02/2023 08:33,Femme,1776166903900530.0,2021,Microélectronique Et Automatique (MEA),Oui,,40000.0,Oui,42000.0,,,
06/02/2023 08:30,Homme,1767833604359260.0,2022,Mécanique Structures Industrielles (MSI - apprentissage),Oui,,,,,,,
06/02/2023 08:29,Homme,1767362598779760.0,2020,Mécanique Structures Industrielles (MSI - apprentissage),Oui,,,,,,,
06/02/2023 08:27,Homme,1868316566984420.0,2022,Mécanique Structures Industrielles (MSI - apprentissage),Oui,,,,,,,
06/02/2023 08:25,Homme,1782520458886480.0,2022,Systèmes Embarqués (SE - apprentissage),Oui,,32000.0,Non,32000.0,,,
06/02/2023 07:51,Homme,1798760182039930.0,2021,Matériaux (MAT),Oui,,35000.0,Oui,35000.0,,,
06/02/2023 07:05,Homme,1789471677886150.0,2022,Systèmes Embarqués (SE - apprentissage),Oui,,31200.0,Non,31200.0,,,
06/02/2023 02:46,Homme,1783103537599530.0,2021,Microélectronique Et Automatique (MEA),Oui,,41000.0,Non,41000.0,36000.0,Non,36000.0
06/02/2023 01:44,Homme,1866816328067050.0,2020,Systèmes Embarqués (SE - apprentissage),Oui,,77000.0,Oui,82000.0,,,
06/02/2023 00:34,Femme,1776167060979250.0,2020,Systèmes Embarqués (SE - apprentissage),Oui,,63000.0,Non,63000.0,,,
06/02/2023 00:12,Homme,1775789583055560.0,2021,Microélectronique Et Automatique (MEA),Oui,,39000.0,Non,39000.0,36000.0,,36000.0
06/02/2023 00:11,Homme,1782395564911940.0,2020,Microélectronique Et Automatique (MEA),Oui,,38000.0,Non,38000.0,,,
06/02/2023 00:08,Homme,1883558371725110.0,2020,Microélectronique Et Automatique (MEA),Oui,,37850.0,Oui,41000.0,,,
05/02/2023 23:46,Homme,1894680637258410.0,2021,Microélectronique Et Automatique (MEA),Oui,,37500.0,Non,37500.0,32000.0,Non,32000.0
05/02/2023 23:44,Homme,1883551369067360.0,2021,Systèmes Embarqués (SE - apprentissage),Oui,,,,,,,
05/02/2023 23:19,Homme,1794043064680300.0,2020,Microélectronique Et Automatique (MEA),Oui,,42000.0,Oui,42000.0,36000.0,Non,36000.0
05/02/2023 23:19,Homme,1868316574718410.0,2022,Microélectronique Et Automatique (MEA),Oui,,,,,,,
05/02/2023 20:30,Homme,1776102350314530.0,2022,Matériaux (MAT),Oui,,,,,,,
22/01/2023 10:23,Homme,1876551288977080.0,2020,Matériaux (MAT),Oui,,36000.0,Oui,37500.0,,,
05/02/2023 17:33,Homme,1776106879687360.0,2020,Informatique et Gestion (IG),Oui,,48000.0,Oui,58000.0,,,
04/02/2023 22:13,Homme,1768183507034030.0,2021,Matériaux (MAT),Oui,,26556.0,Non,26556.0,,,
04/02/2023 17:27,Homme,1776551644056160.0,2021,Matériaux (MAT),Oui,,32000.0,Oui,34000.0,,,
04/02/2023 14:50,Homme,1793784760344960.0,2022,Matériaux (MAT),Oui,,20508.0,Non,20508.0,,,
04/02/2023 12:00,Femme,1789245957768710.0,2021,Matériaux (MAT),Oui,,41000.0,Oui,41000.0,,,
04/02/2023 10:35,Homme,1816933895100800.0,2021,Matériaux (MAT),Non,Vénézuélienne,38500.0,Oui,40800.0,,Oui,
04/02/2023 10:21,Homme,1788742470427130.0,2021,Sciences et Technologies de l'Eau (STE),Oui,,,,,,,
04/02/2023 10:19,Femme,1783239826629950.0,2021,Matériaux (MAT),Oui,,35000.0,Oui,36000.0,,,
04/02/2023 08:54,Femme,1789078904469980.0,2021,Sciences et Technologies de l'Eau (STE),Oui,,35000.0,Oui,39000.0,,,
04/02/2023 08:52,Homme,1767651050592520.0,2022,Systèmes Embarqués (SE - apprentissage),Oui,,34200.0,Oui,40065.0,41000.0,Non,41000.0
03/02/2023 20:32,Femme,1894439451464820.0,2022,Sciences et Technologies de l'Eau (STE),Non,Camerounaise,,,,,,
03/02/2023 19:43,Homme,1768989255935150.0,2022,Matériaux (MAT),Oui,,40079.0,Non,40079.0,,,
03/02/2023 19:35,Homme,1789357082352010.0,2021,Sciences et Technologies de l'Eau (STE),Oui,,,,,,,
03/02/2023 18:54,Femme,1794779570101440.0,2020,Sciences et Technologies de l'Eau (STE),Oui,,,,,,,
03/02/2023 18:23,Homme,1793944378693350.0,2021,Informatique et Gestion (IG),Oui,,42000.0,Oui,50000.0,,,
03/02/2023 18:11,Femme,1783492640861580.0,2021,Eau et Génie Civil (EGC - apprentissage),Oui,,40000.0,Oui,42000.0,,,
03/02/2023 17:51,Femme,1788636474868090.0,2020,Sciences et Technologies de l'Eau (STE),Oui,,,Non,,,,
03/02/2023 17:50,Femme,1788516816974610.0,2021,Matériaux (MAT),Oui,,33000.0,Non,33000.0,,,
03/02/2023 17:41,Homme,1789078901656150.0,2021,Matériaux (MAT),Oui,,27000.0,Oui,35825.0,,,
03/02/2023 17:34,Femme,1857533978999260.0,2021,Sciences et Technologies de l'Eau (STE),Oui,,,,,25056.0,Non,25056.0
03/02/2023 17:14,Homme,1788522988116180.0,2021,Matériaux (MAT),Oui,,32400.0,Oui,35000.0,,,
13/02/2023 10:51,Femme,1775263662780760.0,2020,Matériaux (MAT),Oui,,20508.0,Non,20508.0,32000.0,Oui,34000.0
03/02/2023 16:44,Homme,1788742473726050.0,2022,Matériaux (MAT),Oui,,43000.0,Non,43000.0,,,
03/02/2023 16:39,Homme,1776106723950220.0,2020,Sciences et Technologies de l'Eau (STE),Oui,,42000.0,Oui,45000.0,,,
03/02/2023 16:29,Homme,1788969137646660.0,2021,Matériaux (MAT),Non,Béninoise ,33000.0,Oui,36000.0,,,
03/02/2023 16:12,Homme,1798527272251430.0,2020,Sciences et Technologies de l'Eau (STE),Oui,,35000.0,Non,35000.0,,,
20/04/2023 16:53,Femme,1783101102983360.0,2020,Matériaux (MAT),Oui,,38400.0,Oui,40000.0,34000.0,Non,34000.0
03/02/2023 15:47,Homme,1767190347040890.0,2021,Sciences et Technologies de l'Eau (STE),Oui,,42000.0,Non,42000.0,,,
03/02/2023 15:00,Femme,1788414641969310.0,2021,Sciences et Technologies de l'Eau (STE),Oui,,26500.0,Non,26500.0,,,
02/02/2023 22:14,Femme,1782338086315260.0,2020,Informatique et Gestion (IG),Oui,,35300.0,Oui,40000.0,,,
02/02/2023 21:12,Homme,1793744702832620.0,2021,Matériaux (MAT),Oui,,,,,,,
02/02/2023 14:39,Femme,1783429146219060.0,2022,Génie Biologique et Agroalimentaires (GBA),Oui,,,Oui,,,,
02/02/2023 12:14,Femme,1876615328587050.0,2022,Génie Biologique et Agroalimentaires (GBA),Non,Marocaine,,,,,,
01/02/2023 22:00,Femme,1782910793416910.0,2021,Génie Biologique et Agroalimentaires (GBA),Oui,,31000.0,Oui,36000.0,,,
01/02/2023 12:44,Homme,1767838795874690.0,2020,Sciences et Technologies de l'Eau (STE),Oui,,34000.0,Oui,36000.0,,,
01/02/2023 12:08,Homme,1798760311663560.0,2022,Sciences et Technologies de l'Eau (STE),Oui,,34000.0,Non,34000.0,,,
31/01/2023 21:58,Homme,1776170214132840.0,2021,Sciences et Technologies de l'Eau (STE),Oui,,27600.0,Oui,39500.0,,,
31/01/2023 19:00,Femme,1782332213242230.0,2022,Informatique et Gestion (IG),Oui,,40000.0,Non,40000.0,,,
31/01/2023 16:54,Ne souhaite pas répondre,1793840298363260.0,2021,Génie Biologique et Agroalimentaires (GBA),Oui,,,,,,,
31/01/2023 14:55,Femme,1776391941006830.0,2021,Informatique et Gestion (IG),Oui,,36000.0,Oui,40000.0,,,
31/01/2023 14:48,Homme,1789139062938010.0,2022,Mécanique Structures Industrielles (MSI - apprentissage),Oui,,,,,,,
31/01/2023 13:17,Femme,1758308385440000.0,2022,Sciences et Technologies de l'Eau (STE),Oui,,,Non,,,,
18/01/2023 16:45,Homme,1788460151741930.0,2020,Matériaux (MAT),Oui,,39000.0,Non,39000.0,,,
31/01/2023 10:18,Homme,1788522934411620.0,2021,Mécanique Structures Industrielles (MSI - apprentissage),Oui,,35052.0,Oui,38200.0,,,
31/01/2023 02:53,Homme,1793840353499340.0,2021,Mécanique Structures Industrielles (MSI - apprentissage),,,30000.0,Oui,30000.0,,,
30/01/2023 22:49,Homme,1769007803921480.0,2020,Informatique et Gestion (IG),Oui,,36400.0,Non,36400.0,,,
30/01/2023 21:17,Homme,1776392099532870.0,2020,Sciences et Technologies de l'Eau (STE),Oui,,25000.0,Oui,26000.0,,,
30/01/2023 19:59,Femme,1789078790001190.0,2020,Sciences et Technologies de l'Eau (STE),Oui,,30000.0,Non,30000.0,,,
30/01/2023 18:59,Homme,1876018949196780.0,2022,Informatique et Gestion (IG),Oui,,35000.0,Oui,38000.0,,,
30/01/2023 18:25,Homme,1782336121852570.0,2020,Mécanique Structures Industrielles (MSI - apprentissage),,,32400.0,Oui,35100.0,,,
30/01/2023 16:23,Homme,1782593009868980.0,2022,Mécanique Structures Industrielles (MSI - apprentissage),Oui,,,,,,,
30/01/2023 15:58,Homme,1793784758875840.0,2020,Mécanique Structures Industrielles (MSI - apprentissage),Oui,,40000.0,Non,40000.0,,,
30/01/2023 15:58,Homme,1776019305998310.0,2022,Mécanique Structures Industrielles (MSI - apprentissage),Oui,,39000.0,Oui,45000.0,,,
30/01/2023 14:14,Homme,1866827524757850.0,2022,Mécanique Structures Industrielles (MSI - apprentissage),Oui,,,,,,,
30/01/2023 13:35,Homme,1775263824687930.0,2020,Mécanique Structures Industrielles (MSI - apprentissage),Oui,,46000.0,Oui,46000.0,,,
30/01/2023 12:51,Homme,1868316574902200.0,2022,Mécanique Structures Industrielles (MSI - apprentissage),Oui,,,,,,,
30/01/2023 12:08,Homme,1767472869101240.0,2021,Mécanique Structures Industrielles (MSI - apprentissage),Oui,,39000.0,Oui,40000.0,,,
30/01/2023 12:00,Homme,1776102210966950.0,2022,Mécanique Structures Industrielles (MSI - apprentissage),Oui,,37000.0,Oui,50000.0,,,
30/01/2023 11:45,Homme,1767833604358820.0,2020,Mécanique Structures Industrielles (MSI - apprentissage),Oui,,47000.0,Oui,51000.0,64000.0,Non,64000.0
30/01/2023 11:44,Homme,1876101853372190.0,2022,Mécanique Structures Industrielles (MSI - apprentissage),Oui,,,,,,,
30/01/2023 11:42,Homme,1793784808516880.0,2022,Mécanique Structures Industrielles (MSI - apprentissage),Oui,,41000.0,Oui,43500.0,,,
30/01/2023 11:36,Homme,1988410468693410.0,2020,Mécanique Structures Industrielles (MSI - apprentissage),Oui,,38000.0,Oui,65000.0,,,
30/01/2023 11:12,Homme,1789139067979590.0,2020,Matériaux (MAT),Non,Roumaine,42000.0,Oui,42000.0,,,
30/01/2023 09:32,Homme,1775345027361030.0,2022,Informatique et Gestion (IG),Oui,,38380.0,Oui,38380.0,,,
30/01/2023 08:35,Homme,1782336255547400.0,2020,Eau et Génie Civil (EGC - apprentissage),Oui,,40320.0,Oui,43520.0,,,
29/01/2023 17:04,Homme,1783800466184510.0,2022,Mécanique et Interactions (MI),Oui,,37000.0,Oui,38300.0,,,
29/01/2023 16:15,Femme,1789142466393570.0,2021,Génie Biologique et Agroalimentaires (GBA),Oui,,27600.0,Oui,28500.0,,,
28/01/2023 20:07,Femme,1876694875455180.0,2021,Génie Biologique et Agroalimentaires (GBA),Oui,,,Non,,,,
09/05/2023 12:13,Homme,1768989176927280.0,2020,Matériaux (MAT),Oui,,25800.0,Oui,25800.0,,,
28/01/2023 15:48,Homme,1776167204629220.0,2022,Matériaux (MAT),Oui,,48000.0,Non,48000.0,,,
28/01/2023 15:33,Homme,1782390418773570.0,2020,Mécanique Structures Industrielles (MSI - apprentissage),Oui,,30000.0,Oui,40000.0,,,
28/01/2023 12:30,Femme,1776167142122940.0,2020,Informatique et Gestion (IG),Oui,,37530.0,Oui,45530.0,,,
28/01/2023 12:28,Femme,1775413789426590.0,2021,Génie Biologique et Agroalimentaires (GBA),Oui,,,,,29900.0,Oui,34000.0
28/01/2023 10:20,Femme,1782596900798490.0,2022,Génie Biologique et Agroalimentaires (GBA),Oui,,40000.0,Oui,45000.0,,Oui,
28/01/2023 02:19,Femme,1782333712239640.0,2020,Sciences et Technologies de l'Eau (STE),Oui,,30000.0,Oui,30000.0,,,
27/01/2023 23:54,Homme,1789078855917810.0,2021,Génie Biologique et Agroalimentaires (GBA),Oui,,,,,,,
27/01/2023 21:38,Femme,1783101042010010.0,2022,Génie Biologique et Agroalimentaires (GBA),Oui,,30000.0,Oui,32500.0,,,
27/01/2023 20:37,Femme,1776615757693250.0,2021,Génie Biologique et Agroalimentaires (GBA),Oui,,37050.0,Oui,46000.0,37050.0,Oui,45000.0
27/01/2023 20:04,Femme,1893834511009910.0,2020,Génie Biologique et Agroalimentaires (GBA),Oui,,31500.0,Oui,34000.0,30000.0,Oui,34000.0
27/01/2023 19:28,Homme,1798760221846800.0,2020,Sciences et Technologies de l'Eau (STE),Oui,,34000.0,Oui,35000.0,,,
27/01/2023 17:40,Homme,1798623353301810.0,2021,Sciences et Technologies de l'Eau (STE),Oui,,,,,,,
27/01/2023 16:18,Femme,1788516818073160.0,2022,Sciences et Technologies de l'Eau (STE),Oui,,,Non,,,,
27/01/2023 15:45,Femme,1783101040779280.0,2022,Sciences et Technologies de l'Eau (STE),Oui,,35160.0,Oui,35160.0,,,
27/01/2023 15:29,Homme,1776551931058330.0,2020,Sciences et Technologies de l'Eau (STE),Oui,,34500.0,Oui,36000.0,,,
05/02/2023 17:38,Homme,1776615753228320.0,2020,Matériaux (MAT),Oui,,39000.0,Oui,43000.0,,Non,
27/01/2023 13:56,Femme,1788753565237490.0,2022,Sciences et Technologies de l'Eau (STE),Non,Chinoise,30000.0,Oui,30000.0,,,
27/01/2023 13:44,Femme,1789248177506590.0,2022,Sciences et Technologies de l'Eau (STE),Oui,,33500.0,Non,33500.0,,,
27/01/2023 13:42,Homme,1794779518200490.0,2022,Matériaux (MAT),Oui,,36000.0,Oui,36000.0,,,
27/01/2023 13:41,Homme,1783486283449130.0,2021,Sciences et Technologies de l'Eau (STE),Non,Péruvienne,,,,33000.0,Non,33000.0
27/01/2023 13:34,Femme,1767638238509350.0,2020,Informatique et Gestion (IG),Oui,,35400.0,Oui,37000.0,,,
27/01/2023 13:28,Homme,1782327180969030.0,2021,Informatique et Gestion (IG),Oui,,33450.0,Non,33450.0,,,
27/01/2023 12:34,Femme,1776615819557690.0,2020,Mécanique Structures Industrielles (MSI - apprentissage),Oui,,37000.0,Oui,37000.0,,,
27/01/2023 12:33,Femme,1857534025890080.0,2022,Sciences et Technologies de l'Eau (STE),Oui,,28000.0,Oui,28000.0,,,
27/01/2023 11:56,Femme,1782332336322280.0,2020,Sciences et Technologies de l'Eau (STE),Oui,,32000.0,Non,32000.0,,,
27/01/2023 11:54,Homme,1794828417351500.0,2020,Sciences et Technologies de l'Eau (STE),Oui,,32900.0,Oui,35600.0,,,
27/01/2023 11:37,Homme,1875418863328880.0,2022,Sciences et Technologies de l'Eau (STE),Oui,,32500.0,Oui,35000.0,36350.0,Oui,40000.0
27/01/2023 11:28,Homme,1789471786392760.0,2020,Sciences et Technologies de l'Eau (STE),Oui,,30000.0,Oui,30000.0,,,
27/01/2023 11:22,Femme,1776091895895960.0,2020,Génie Biologique et Agroalimentaires (GBA),Oui,,35000.0,Oui,38500.0,,,
27/01/2023 11:19,Homme,1793746565145920.0,2021,Sciences et Technologies de l'Eau (STE),Oui,,27500.0,Oui,30000.0,,,
27/01/2023 11:16,Femme,1767189426339600.0,2022,Sciences et Technologies de l'Eau (STE),Oui,,25200.0,Non,25200.0,,,
27/01/2023 10:42,Femme,1775637345072930.0,2022,Génie Biologique et Agroalimentaires (GBA),Oui,,,,,,,
27/01/2023 10:10,Homme,1794680918647610.0,2022,Matériaux (MAT),Oui,,28800.0,Oui,30000.0,,,
27/01/2023 09:24,Homme,1794336425663790.0,2022,Mécanique Structures Industrielles (MSI - apprentissage),Oui,,,,,,,
09/05/2023 22:18,Femme,1776106799883870.0,2020,Matériaux (MAT),Oui,,38000.0,Oui,43000.0,35500.0,Oui,38000.0
27/01/2023 09:04,Femme,1798891452565580.0,2021,Génie Biologique et Agroalimentaires (GBA),Oui,,28800.0,Oui,31000.0,,,
27/01/2023 08:07,Femme,1910235866974290.0,2021,Matériaux (MAT),Non,Brésilienne,,,,,,
27/01/2023 07:45,Femme,1767637876274310.0,2022,Génie Biologique et Agroalimentaires (GBA),Oui,,,,,,,
27/01/2023 03:38,Femme,1783236179415530.0,2022,Génie Biologique et Agroalimentaires (GBA),Oui,,,,,,,
26/01/2023 23:23,Homme,1857534013519450.0,2022,Génie Biologique et Agroalimentaires (GBA),Oui,,,,,,,
26/01/2023 20:55,Femme,1967772658470540.0,2022,Génie Biologique et Agroalimentaires (GBA),Oui,,,,,,,
26/01/2023 18:47,Femme,1798761120459580.0,2020,Matériaux (MAT),Oui,,20000.0,Non,20000.0,20500.0,Non,20500.0
26/01/2023 20:18,Femme,1782650225991380.0,2020,Informatique et Gestion (IG),Oui,,,Non,,,,
26/01/2023 20:12,Femme,1794970934338250.0,2022,Génie Biologique et Agroalimentaires (GBA),Oui,,39000.0,Oui,39000.0,,,
26/01/2023 19:56,Femme,1776630776085270.0,2022,Génie Biologique et Agroalimentaires (GBA),Oui,,30200.0,Non,30200.0,,,
26/01/2023 19:10,Homme,1783041977893780.0,2022,Informatique et Gestion (IG),Oui,,51660.0,Non,51600.0,,,
26/01/2023 19:09,Femme,1783101165084400.0,2022,Génie Biologique et Agroalimentaires (GBA),Oui,,31200.0,Oui,34500.0,,,
26/01/2023 19:02,Homme,1888881494643170.0,2020,Génie Biologique et Agroalimentaires (GBA),Oui,,37000.0,Oui,46000.0,33000.0,Oui,36000.0
26/01/2023 18:51,Femme,1783483938740120.0,2020,Génie Biologique et Agroalimentaires (GBA),Oui,,35148.0,Oui,35148.0,,,
18/01/2023 19:04,Homme,1782336321386440.0,2020,Matériaux (MAT),Oui,,43000.0,Oui,50000.0,,,
26/01/2023 18:36,Femme,1776551706034360.0,2021,Génie Biologique et Agroalimentaires (GBA),Oui,,36192.0,Oui,39208.0,,,
26/01/2023 18:29,Femme,1782332270046870.0,2021,Génie Biologique et Agroalimentaires (GBA),Oui,,,,,36000.0,Non,36000.0
26/01/2023 18:28,Homme,1783297989035980.0,2020,Génie Biologique et Agroalimentaires (GBA),Oui,,30000.0,Oui,35000.0,,,
26/01/2023 18:27,Femme,1767739318980900.0,2020,Génie Biologique et Agroalimentaires (GBA),Non,Albanaise,110000.0,Oui,120000.0,,,
26/01/2023 18:17,Homme,1813537651258260.0,2021,Informatique et Gestion (IG),,,35000.0,Non,35000.0,,,
26/01/2023 18:08,Femme,1776166978376740.0,2020,Génie Biologique et Agroalimentaires (GBA),,,30000.0,Non,30000.0,,,
26/01/2023 18:04,Homme,1783100980486340.0,2020,Génie Biologique et Agroalimentaires (GBA),Oui,,,,,32000.0,Oui,32800.0
26/01/2023 18:02,Femme,1775416913436200.0,2021,Génie Biologique et Agroalimentaires (GBA),Oui,,,,,29000.0,Non,29000.0
26/01/2023 17:53,Femme,1789142520005530.0,2022,Sciences et Technologies de l'Eau (STE),Oui,,20004.0,Oui,21672.0,,,
26/01/2023 17:51,Homme,1783100972244930.0,2022,Génie Biologique et Agroalimentaires (GBA),Oui,,38700.0,Non,38700.0,,,
26/01/2023 17:42,Femme,1775491351935640.0,2022,Génie Biologique et Agroalimentaires (GBA),Oui,,28800.0,Oui,28800.0,28800.0,Oui,31200.0
26/01/2023 17:04,Femme,1789136832154800.0,2022,Informatique et Gestion (IG),Oui,,45000.0,Non,45000.0,,,
26/01/2023 17:04,Femme,1867772735025030.0,2022,Matériaux (MAT),Oui,,34000.0,Oui,34000.0,,,
26/01/2023 16:27,Homme,1799331614005970.0,2022,Matériaux (MAT),Oui,,40000.0,Oui,40000.0,,,
26/01/2023 15:58,Homme,1789312772219290.0,2022,Matériaux (MAT),Oui,,36000.0,Oui,36000.0,,,
26/01/2023 15:29,Femme,1775413939414380.0,2022,Matériaux (MAT),Oui,,33500.0,Oui,35000.0,,,
31/01/2023 10:52,Homme,1775263748033210.0,2020,Matériaux (MAT),Oui,,30000.0,Non,30000.0,17280.0,Oui,19680.0
26/01/2023 15:04,Femme,1789468078182010.0,2022,Matériaux (MAT),Oui,,41420.0,Non,41420.0,,,
26/01/2023 14:52,Homme,1903132421129570.0,2022,Matériaux (MAT),Non,Brésilienne,,,,,,
26/01/2023 14:47,Homme,1767198402827670.0,2021,Matériaux (MAT),Oui,,39000.0,Oui,42000.0,,,
26/01/2023 14:47,Femme,1783101110706140.0,2022,Matériaux (MAT),Oui,,33000.0,Non,33000.0,,,
26/01/2023 14:33,Homme,1876106370082770.0,2022,Matériaux (MAT),Oui,,38000.0,Oui,45000.0,,,
26/01/2023 14:32,Femme,1789086727323480.0,2021,Matériaux (MAT),Oui,,36100.0,Non,36100.0,,,
24/02/2023 17:17,Homme,1783551671530150.0,2020,Matériaux (MAT),Oui,,,,,,,
22/01/2023 11:25,Homme,1867472484797130.0,2020,Matériaux (MAT),Oui,,,,,31000.0,Non,31000.0
26/01/2023 12:32,Homme,1776106802142700.0,2021,Informatique et Gestion (IG),Oui,,35000.0,Oui,39805.0,,,
26/01/2023 11:54,Homme,1789139009510230.0,2020,Informatique et Gestion (IG),Oui,,55000.0,Non,55000.0,38000.0,Non,38000.0
26/01/2023 11:31,Homme,1888410724575580.0,2021,Informatique et Gestion (IG),Oui,,30000.0,Oui,34000.0,,,
26/01/2023 10:36,Homme,1889082945344380.0,2022,Sciences et Technologies de l'Eau (STE),Non,Italienne,66000.0,Oui,71500.0,,,
25/01/2023 23:26,Homme,1767557467631440.0,2022,Informatique et Gestion (IG),Oui,,35000.0,Non,35000.0,,,
25/01/2023 21:55,Homme,1794332318260460.0,2021,Informatique et Gestion (IG),Oui,,35000.0,Non,35000.0,,,
25/01/2023 21:24,Homme,1775273798866860.0,2022,Informatique et Gestion (IG),Oui,,44000.0,Oui,53000.0,,,
25/01/2023 19:25,Femme,1794332474593860.0,2022,Informatique et Gestion (IG),,,,,,,,
25/01/2023 19:02,Homme,1889471542205030.0,2020,Informatique et Gestion (IG),Oui,,40000.0,Oui,43000.0,36750.0,Oui,38000.0
25/01/2023 19:00,Homme,1793741148013300.0,2020,Informatique et Gestion (IG),Oui,,38000.0,Non,38000.0,,,
25/01/2023 18:47,Femme,1788922307855410.0,2021,Informatique et Gestion (IG),Oui,,40800.0,Non,40800.0,,,
25/01/2023 18:43,Femme,1783739765177910.0,2021,Informatique et Gestion (IG),Oui,,,,,,,
25/01/2023 18:35,Homme,1782333585791780.0,2021,Informatique et Gestion (IG),Non,Roumaine,14400.0,Oui,15600.0,14400.0,Oui,15600.0
25/01/2023 18:35,Homme,1888691977257630.0,2022,Informatique et Gestion (IG),Oui,,55000.0,Oui,58000.0,,,
25/01/2023 18:33,Homme,1789357080748740.0,2021,Informatique et Gestion (IG),Oui,,44000.0,Oui,52000.0,,,
25/01/2023 17:37,Homme,1793784666716030.0,2022,Sciences et Technologies de l'Eau (STE),Oui,,29000.0,Oui,31700.0,,,
25/01/2023 10:21,Homme,1782921357689910.0,2020,Informatique et Gestion (IG),Oui,,43000.0,Oui,48000.0,38000.0,Oui,43000.0
25/01/2023 10:04,Homme,1794332465622220.0,2020,Microélectronique Et Automatique (MEA),Oui,,37200.0,Non,37200.0,,,
25/01/2023 00:21,Femme,1766818808739340.0,2022,Informatique et Gestion (IG),Oui,,50000.0,Non,50000.0,,,
24/01/2023 22:47,Homme,1798760222793900.0,2022,Informatique et Gestion (IG),Oui,,33800.0,Oui,33800.0,,,
24/01/2023 22:46,Homme,1768367528936830.0,2022,Informatique et Gestion (IG),Oui,,43000.0,Non,43000.0,,,
24/01/2023 22:35,Homme,1788417075285130.0,2022,Informatique et Gestion (IG),Oui,,50000.0,Non,50000.0,,,
24/01/2023 22:22,Femme,1789420511418330.0,2022,Informatique et Gestion (IG),Oui,,37000.0,Non,37000.0,,,
24/01/2023 22:08,Femme,1783049799429120.0,2020,Génie Biologique et Agroalimentaires (GBA),Oui,,34800.0,Oui,39200.0,,,
24/01/2023 15:45,Homme,1776102500195080.0,2022,Microélectronique Et Automatique (MEA),Oui,,37500.0,Non,37500.0,,,
24/01/2023 09:17,Homme,1888692297779480.0,2021,Mécanique et Interactions (MI),Oui,,37000.0,Non,37000.0,32400.0,Non,32400.0
24/01/2023 07:53,Homme,1783429202826460.0,2020,Sciences et Technologies de l'Eau (STE),Oui,,38000.0,Oui,40300.0,35000.0,Non,35000.0
23/01/2023 20:32,Homme,1788753722783190.0,2022,Systèmes Embarqués (SE - apprentissage),Oui,,38000.0,Oui,40000.0,,,
23/01/2023 09:29,Homme,1776106868424380.0,2021,Mécanique et Interactions (MI),Oui,,22000.0,Non,22000.0,,,
23/01/2023 08:55,Femme,1794332515170520.0,2021,Génie Biologique et Agroalimentaires (GBA),Oui,,35000.0,Oui,38000.0,,,
23/01/2023 08:35,Femme,1775411635285140.0,2020,Génie Biologique et Agroalimentaires (GBA),Oui,,,,,27600.0,Non,27600.0
23/01/2023 00:45,Femme,1767827955884560.0,2020,Génie Biologique et Agroalimentaires (GBA),Oui,,,,,17108.0,Non,17108.0
22/01/2023 19:38,Homme,1783297987186680.0,2022,Mécanique et Interactions (MI),Oui,,,,,,,
22/01/2023 13:22,Femme,1907101681822410.0,2020,Informatique et Gestion (IG),Non,Brésilienne,55000.0,Oui,60000.0,,,
22/01/2023 12:02,Homme,1789357128908910.0,2020,Microélectronique Et Automatique (MEA),Oui,,40000.0,Oui,41000.0,,,
22/04/2023 16:34,Femme,1775643742622870.0,2020,Matériaux (MAT),Oui,,,,,,,
18/01/2023 13:34,Homme,1783679224142860.0,2020,Matériaux (MAT),,,,,,,,
22/01/2023 10:20,Homme,1768549795307160.0,2022,Systèmes Embarqués (SE - apprentissage),Oui,,34750.0,Oui,37475.0,,,
22/01/2023 09:48,Femme,1876091333922620.0,2022,Génie Biologique et Agroalimentaires (GBA),Oui,,26000.0,Oui,26000.0,,,
22/01/2023 09:47,Homme,1782784577032890.0,2022,Microélectronique Et Automatique (MEA),Oui,,41000.0,Oui,42500.0,,,
22/01/2023 09:26,Femme,1776166979781670.0,2020,Microélectronique Et Automatique (MEA),Non,Suisse,78000.0,Non,78000.0,30600.0,Non,30600.0
21/01/2023 23:46,Femme,1793840354015260.0,2020,Génie Biologique et Agroalimentaires (GBA),Oui,,33000.0,Oui,36000.0,27000.0,Oui,29000.0
21/01/2023 20:55,Homme,1783298115457020.0,2021,Matériaux (MAT),Oui,,38000.0,Oui,42000.0,,,
21/01/2023 17:37,Homme,1789034151751700.0,2022,Mécanique Structures Industrielles (MSI - apprentissage),Oui,,36000.0,Non,36000.0,,,
21/01/2023 15:42,Homme,1776106641864830.0,2020,Eau et Génie Civil (EGC - apprentissage),Oui,,34000.0,Oui,35000.0,,,
21/01/2023 14:52,Femme,1783429017761230.0,2022,Génie Biologique et Agroalimentaires (GBA),Oui,,,,,,,
21/01/2023 12:26,Homme,1794775548397760.0,2021,Mécanique Structures Industrielles (MSI - apprentissage),,,,Oui,,,,
21/01/2023 11:48,Femme,1793834940535750.0,2021,Génie Biologique et Agroalimentaires (GBA),,,29000.0,Non,29000.0,,,
21/01/2023 09:30,Homme,1775272871064080.0,2022,Informatique et Gestion (IG),Oui,,59000.0,Oui,72000.0,,,
21/01/2023 09:29,Femme,1782655269658660.0,2022,Génie Biologique et Agroalimentaires (GBA),Oui,,27000.0,Non,27000.0,,,
20/01/2023 21:31,Homme,1799416609897030.0,2022,Matériaux (MAT),Oui,,37500.0,Oui,40000.0,,,
20/01/2023 19:05,Femme,1788516656192290.0,2020,Microélectronique Et Automatique (MEA),Oui,,37100.0,Oui,40000.0,,,
20/01/2023 17:59,Homme,1783551790135920.0,2020,Informatique et Gestion (IG),Oui,,52000.0,Non,52000.0,35000.0,Non,35000.0
20/01/2023 16:56,Homme,1776106946044280.0,2022,Informatique et Gestion (IG),Oui,,66858.0,Oui,68796.0,,,
20/01/2023 16:43,Femme,1782592876897250.0,2022,Informatique et Gestion (IG),Oui,,35000.0,Oui,38500.0,,,
20/01/2023 14:21,Homme,1888522643587690.0,2021,Microélectronique Et Automatique (MEA),Oui,,31000.0,Oui,36000.0,,,
20/01/2023 14:19,Homme,1776695363650310.0,2022,Mécanique Structures Industrielles (MSI - apprentissage),Oui,,,,,,,
20/01/2023 13:35,Homme,1876330727903050.0,2021,Microélectronique Et Automatique (MEA),Oui,,37000.0,Non,37000.0,,,
20/01/2023 13:20,Homme,1798487221646170.0,2020,Sciences et Technologies de l'Eau (STE),Oui,,38000.0,Non,38000.0,,,
20/01/2023 10:38,Femme,1883036901428170.0,2022,Génie Biologique et Agroalimentaires (GBA),Oui,,28000.0,Non,28000.0,,,
20/01/2023 09:38,Femme,1782328943040360.0,2020,Mécanique et Interactions (MI),,,,,,,,
20/01/2023 09:10,Femme,1857534014208740.0,2020,Génie Biologique et Agroalimentaires (GBA),Oui,,36000.0,Oui,39000.0,,,
20/01/2023 07:51,Homme,1768549872300660.0,2022,Eau et Génie Civil (EGC - apprentissage),Oui,,39000.0,Oui,46000.0,,,
20/01/2023 06:55,Homme,1798487177185630.0,2022,Génie Biologique et Agroalimentaires (GBA),Oui,,54000.0,Oui,54000.0,,,
20/01/2023 06:52,Homme,1789139065168940.0,2021,Microélectronique Et Automatique (MEA),Oui,,,,,,,
20/01/2023 06:50,Femme,1888409895389830.0,2021,Sciences et Technologies de l'Eau (STE),Oui,,,Non,,,,
20/01/2023 00:33,Homme,1757617753913660.0,2022,Informatique et Gestion (IG),Oui,,31200.0,Non,31200.0,,,
19/01/2023 23:55,Homme,1767473237269350.0,2021,Microélectronique Et Automatique (MEA),Oui,,,Oui,,,,
19/01/2023 20:58,Femme,1782592418482250.0,2020,Sciences et Technologies de l'Eau (STE),Oui,,36000.0,Non,36000.0,,,
19/01/2023 20:02,Homme,1876551296220380.0,2020,Microélectronique Et Automatique (MEA),Oui,,39200.0,Oui,41000.0,,,
19/01/2023 19:56,Homme,1775947055237320.0,2021,Mécanique et Interactions (MI),Oui,,,,,27000.0,Non,27000.0
19/01/2023 19:43,Homme,1783101099779430.0,2022,Sciences et Technologies de l'Eau (STE),Oui,,36500.0,Non,36500.0,,,
19/01/2023 19:00,Homme,1775570466040350.0,2021,Matériaux (MAT),Oui,,35400.0,Oui,41000.0,,,
19/01/2023 18:50,Homme,1789357184454100.0,2020,Microélectronique Et Automatique (MEA),Oui,,31000.0,Oui,31000.0,,,
19/01/2023 18:44,Femme,1776166911374250.0,2022,Génie Biologique et Agroalimentaires (GBA),Oui,,,,,,,
19/01/2023 18:05,Femme,1776167133160430.0,2022,Mécanique et Interactions (MI),Oui,,,Non,,,,
19/01/2023 17:54,Homme,1788410609982070.0,2021,Sciences et Technologies de l'Eau (STE),Oui,,34000.0,Oui,37000.0,,,
19/01/2023 17:15,Femme,1798761075835810.0,2021,Génie Biologique et Agroalimentaires (GBA),Oui,,35400.0,Oui,42000.0,32500.0,Non,32500.0
19/01/2023 16:22,Homme,1768183406796480.0,2022,Mécanique et Interactions (MI),Oui,,36000.0,Oui,38000.0,,,
19/01/2023 16:17,Femme,1789751535733900.0,2020,Sciences et Technologies de l'Eau (STE),Oui,,,,,,,
19/01/2023 16:17,Homme,1775640549596370.0,2021,Matériaux (MAT),Oui,,43000.0,Oui,52000.0,,,
19/01/2023 16:09,Homme,1794579190451830.0,2022,Matériaux (MAT),Oui,,33600.0,Non,33600.0,,,
19/01/2023 15:32,Femme,1876091309975850.0,2022,Informatique et Gestion (IG),Oui,,,,,,,
19/01/2023 15:10,Femme,1783049615896570.0,2021,Matériaux (MAT),Oui,,33000.0,Oui,33500.0,,,
19/01/2023 15:05,Homme,1776166836913320.0,2022,Matériaux (MAT),Oui,,,,,,,
19/01/2023 14:43,Homme,1798527231366880.0,2021,Eau et Génie Civil (EGC - apprentissage),Oui,,42500.0,Oui,50000.0,40000.0,Oui,45000.0
19/01/2023 14:23,Homme,1888742096649890.0,2022,Génie Biologique et Agroalimentaires (GBA),Oui,,,,,,,
19/01/2023 14:00,Homme,1868316549230050.0,2022,Mécanique Structures Industrielles (MSI - apprentissage),Oui,,,,,32400.0,Non,32400.0
19/01/2023 13:44,Homme,1783483805311170.0,2021,Matériaux (MAT),Oui,,,Oui,,,Oui,
19/01/2023 12:47,Homme,1976052134751140.0,2020,Microélectronique Et Automatique (MEA),Oui,,60000.0,Oui,65000.0,,,
19/01/2023 12:32,Homme,1789638170068160.0,2020,Informatique et Gestion (IG),Oui,,37500.0,Oui,37500.0,29999.0,Non,29999.0
19/01/2023 11:54,Homme,1788742306650610.0,2022,Matériaux (MAT),Oui,,,,,,,
19/01/2023 11:53,Homme,1767827855676410.0,2022,Systèmes Embarqués (SE - apprentissage),Oui,,40000.0,Oui,42000.0,,,
19/01/2023 11:20,Femme,1793840397556590.0,2022,Matériaux (MAT),Oui,,33000.0,Oui,37000.0,33000.0,Oui,37000.0
19/01/2023 11:10,Ne souhaite pas répondre,1783165012690460.0,2020,Mécanique et Interactions (MI),Oui,,,,,27000.0,Non,27000.0
19/01/2023 11:02,Femme,1857533978883780.0,2022,Matériaux (MAT),Oui,,,,,,,
19/01/2023 10:15,Femme,1789078960272400.0,2020,Informatique et Gestion (IG),Oui,,35000.0,Oui,35000.0,,,
19/01/2023 10:10,Homme,1767473228213790.0,2022,Microélectronique Et Automatique (MEA),Oui,,,,,,,
19/01/2023 10:08,Homme,1788410896396740.0,2022,Systèmes Embarqués (SE - apprentissage),Oui,,38000.0,Non,38000.0,,,
19/01/2023 09:54,Homme,1767833422188670.0,2022,Matériaux (MAT),Oui,,36000.0,Oui,40000.0,,,
19/01/2023 09:44,Femme,1789246007837330.0,2020,Microélectronique Et Automatique (MEA),Oui,,,,,,,
19/01/2023 09:04,Femme,1882337736145760.0,2020,Génie Biologique et Agroalimentaires (GBA),Oui,,43000.0,Oui,45000.0,,,
19/01/2023 01:10,Homme,1788459985751940.0,2022,Génie Biologique et Agroalimentaires (GBA),Oui,,36000.0,Oui,36000.0,,,
18/01/2023 22:58,Homme,1782921218646700.0,2021,Microélectronique Et Automatique (MEA),Oui,,35608.0,Oui,38504.0,,,
18/01/2023 22:55,Homme,1756544615604770.0,2022,Microélectronique Et Automatique (MEA),Oui,,,,,,,
18/01/2023 22:53,Homme,1975597509816360.0,2021,Informatique et Gestion (IG),,,43000.0,Oui,46000.0,,,
18/01/2023 22:38,Homme,1768549780066770.0,2020,Eau et Génie Civil (EGC - apprentissage),Oui,,35400.0,Oui,39500.0,,,
18/01/2023 22:35,Femme,1789078909530480.0,2021,Génie Biologique et Agroalimentaires (GBA),Oui,,37000.0,Oui,38000.0,,,
18/01/2023 22:15,Homme,1789364788575610.0,2020,Microélectronique Et Automatique (MEA),Oui,,43000.0,Oui,48000.0,,,
18/01/2023 22:12,Homme,1776166906953760.0,2020,Mécanique et Interactions (MI),Oui,,35000.0,Oui,38000.0,,,
18/01/2023 22:09,Homme,1788913169958950.0,2021,Informatique et Gestion (IG),Oui,,75000.0,Non,75000.0,,,
18/01/2023 22:05,Homme,1802846057005370.0,2021,Informatique et Gestion (IG),Oui,,34200.0,Non,34200.0,,,
18/01/2023 22:00,Femme,1767189060166700.0,2021,Génie Biologique et Agroalimentaires (GBA),Oui,,32580.0,Oui,36295.0,,,
18/01/2023 20:58,Homme,1767472951669570.0,2020,Eau et Génie Civil (EGC - apprentissage),Oui,,55000.0,Non,55000.0,,,
18/01/2023 20:54,Femme,1776167130842340.0,2021,Génie Biologique et Agroalimentaires (GBA),Oui,,32000.0,Oui,34666.0,,,
18/01/2023 20:39,Homme,1789743997323920.0,2022,Matériaux (MAT),Oui,,33000.0,Oui,45000.0,,,
18/01/2023 20:31,Homme,1788410725619240.0,2022,Microélectronique Et Automatique (MEA),Oui,,38000.0,Oui,43000.0,,,
18/01/2023 20:14,Femme,1789137001183450.0,2022,Génie Biologique et Agroalimentaires (GBA),Oui,,29000.0,Oui,33000.0,,,
18/01/2023 20:10,Femme,1894438782667770.0,2021,Génie Biologique et Agroalimentaires (GBA),Oui,,,,,,,
18/01/2023 19:56,Femme,1767188229918950.0,2022,Matériaux (MAT),Oui,,30000.0,Non,30000.0,,,
18/01/2023 19:40,Femme,1775713679955950.0,2022,Mécanique et Interactions (MI),Oui,,33000.0,Oui,38000.0,,,
18/01/2023 19:19,Homme,1793741197713120.0,2021,Eau et Génie Civil (EGC - apprentissage),Oui,,34000.0,Oui,34000.0,,,
18/01/2023 19:17,Homme,1802766299273050.0,2022,Matériaux (MAT),Oui,,36000.0,Oui,44200.0,,,
18/01/2023 19:05,Homme,1799416649983310.0,2020,Eau et Génie Civil (EGC - apprentissage),Oui,,42000.0,Oui,45000.0,,,
26/01/2023 14:28,Femme,1782459883226080.0,2020,Matériaux (MAT),Oui,,40000.0,Oui,40000.0,38000.0,Oui,38000.0
18/01/2023 19:02,Homme,1798760222288890.0,2022,Informatique et Gestion (IG),Oui,,34500.0,Oui,34500.0,,,
18/01/2023 18:54,Homme,1798491269165880.0,2021,Microélectronique Et Automatique (MEA),Oui,,39000.0,Oui,42000.0,,,
18/01/2023 18:46,Homme,1793744650738840.0,2022,Microélectronique Et Automatique (MEA),Oui,,,,,,,
18/01/2023 18:41,Homme,1789078797803930.0,2022,Systèmes Embarqués (SE - apprentissage),Oui,,41400.0,Oui,48000.0,,,
18/01/2023 18:23,Homme,1882921164844020.0,2020,Eau et Génie Civil (EGC - apprentissage),Oui,,36000.0,Oui,48000.0,,,
18/01/2023 18:12,Femme,1782655337605590.0,2022,Sciences et Technologies de l'Eau (STE),,,,,,,,
18/01/2023 18:12,Homme,1793840296895820.0,2021,Microélectronique Et Automatique (MEA),Oui,,31000.0,Oui,33000.0,,,
18/01/2023 18:08,Homme,1968183327278620.0,2022,Sciences et Technologies de l'Eau (STE),Oui,,,,,,,
18/01/2023 18:08,Femme,1783100908156800.0,2020,Génie Biologique et Agroalimentaires (GBA),Oui,,37300.0,Oui,41500.0,,,
18/01/2023 18:07,Femme,1776091810146820.0,2022,Eau et Génie Civil (EGC - apprentissage),Oui,,38000.0,Oui,43000.0,,,
18/01/2023 18:03,Homme,1789139128282450.0,2021,Microélectronique Et Automatique (MEA),Oui,,,,,,,
18/01/2023 18:01,Femme,1978758525912570.0,2022,Génie Biologique et Agroalimentaires (GBA),Oui,,34200.0,Oui,34200.0,,,
18/01/2023 17:56,Femme,1783165019000650.0,2022,Sciences et Technologies de l'Eau (STE),Oui,,27000.0,Oui,28250.0,,,
18/01/2023 17:50,Homme,1893744552359340.0,2022,Sciences et Technologies de l'Eau (STE),Oui,,27600.0,Oui,27600.0,,,
18/01/2023 17:44,Homme,1789078745284910.0,2021,Informatique et Gestion (IG),Oui,,68000.0,Non,68000.0,,,
18/01/2023 17:25,Femme,1799018550043420.0,2021,Eau et Génie Civil (EGC - apprentissage),Oui,,33020.0,Oui,33020.0,,,
18/01/2023 16:57,Homme,1767188220767320.0,2020,Sciences et Technologies de l'Eau (STE),Oui,,35000.0,Oui,38000.0,,,
18/01/2023 16:46,Homme,1766828029067780.0,2022,Informatique et Gestion (IG),Oui,,33000.0,Non,33000.0,,,
18/01/2023 16:05,Homme,1783165214972650.0,2020,Matériaux (MAT),Oui,,,,,,,
18/01/2023 16:35,Homme,1775951510220610.0,2022,Systèmes Embarqués (SE - apprentissage),Oui,,33600.0,Oui,35000.0,,,
18/01/2023 16:28,Homme,1982680792592360.0,2021,Génie Biologique et Agroalimentaires (GBA),Oui,,34200.0,Non,34200.0,,,
18/01/2023 16:27,Homme,1767473227265950.0,2021,Matériaux (MAT),Oui,,43000.0,Oui,47000.0,,,
18/01/2023 16:24,Homme,1767472958979020.0,2022,Sciences et Technologies de l'Eau (STE),Oui,,,,,,,
18/01/2023 16:23,Femme,1868001939950980.0,2022,Sciences et Technologies de l'Eau (STE),Oui,,31850.0,Oui,32350.0,,,
18/01/2023 16:17,Femme,1756804884496880.0,2022,Génie Biologique et Agroalimentaires (GBA),Oui,,22200.0,Oui,24050.0,,,
26/01/2023 14:22,Homme,1782457933841180.0,2020,Matériaux (MAT),Oui,,36000.0,Oui,39000.0,33000.0,Non,33000.0
18/01/2023 15:58,Homme,1802848898780540.0,2022,Microélectronique Et Automatique (MEA),Oui,,32000.0,Oui,32000.0,,,
18/01/2023 15:55,Homme,1782392958743850.0,2021,Systèmes Embarqués (SE - apprentissage),Oui,,38000.0,Non,38000.0,,,
18/01/2023 15:53,Homme,1776621850785810.0,2022,Microélectronique Et Automatique (MEA),Oui,,39000.0,Oui,39000.0,,,
18/01/2023 15:52,Femme,1794332516075430.0,2022,Matériaux (MAT),Oui,,,,,,,
18/01/2023 15:45,Femme,1775264733646980.0,2020,Sciences et Technologies de l'Eau (STE),Oui,,36400.0,Oui,40400.0,,,
18/01/2023 15:28,Homme,1788692298639800.0,2020,Mécanique et Interactions (MI),Oui,,,,,,,
18/01/2023 15:27,Homme,1788410722857400.0,2021,Microélectronique Et Automatique (MEA),Oui,,32500.0,Non,32500.0,,,
18/01/2023 15:19,Homme,1794775651257720.0,2022,Microélectronique Et Automatique (MEA),Oui,,34000.0,Non,34000.0,,,
18/01/2023 15:17,Homme,1798527184624230.0,2022,Mécanique Structures Industrielles (MSI - apprentissage),Oui,,33600.0,Oui,38000.0,,,
18/01/2023 15:09,Homme,1788520668242630.0,2020,Microélectronique Et Automatique (MEA),Oui,,38500.0,Oui,40000.0,,,
18/01/2023 15:02,Homme,1768549961864030.0,2021,Mécanique et Interactions (MI),Oui,,37000.0,Oui,39000.0,,,
18/01/2023 14:53,Femme,1793990336257040.0,2022,Informatique et Gestion (IG),Oui,,38000.0,Oui,40000.0,,,
18/01/2023 14:50,Homme,1883100972244180.0,2021,Microélectronique Et Automatique (MEA),Oui,,33000.0,Non,33000.0,,,
18/01/2023 14:45,Homme,1782921296514620.0,2022,Informatique et Gestion (IG),Oui,,41500.0,Oui,51000.0,,,
18/01/2023 14:39,Femme,1794187694448030.0,2022,Informatique et Gestion (IG),Non,Chinoise,36000.0,Oui,38600.0,,,
18/01/2023 14:37,Homme,1769007890066910.0,2020,Mécanique et Interactions (MI),Oui,,40000.0,Oui,44000.0,,,
18/01/2023 14:29,Homme,1776394941678550.0,2021,Sciences et Technologies de l'Eau (STE),Oui,,31000.0,Non,31000.0,,,
18/01/2023 14:29,Homme,1857534002669320.0,2022,Informatique et Gestion (IG),Oui,,57000.0,Oui,57500.0,,,
18/01/2023 14:26,Femme,1775637573994100.0,2022,Génie Biologique et Agroalimentaires (GBA),Oui,,25260.0,Non,25260.0,,,
18/01/2023 14:21,Homme,1783100785788010.0,2021,Mécanique Structures Industrielles (MSI - apprentissage),Oui,,32340.0,Oui,35035.0,,,
18/01/2023 14:17,Femme,1883101110887870.0,2022,Informatique et Gestion (IG),Oui,,44000.0,Non,44000.0,,,
18/01/2023 14:11,Homme,1768549883109980.0,2020,Informatique et Gestion (IG),Oui,,45000.0,Oui,48000.0,,,
18/01/2023 14:11,Homme,1788910926292640.0,2021,Microélectronique Et Automatique (MEA),Oui,,26000.0,Non,26000.0,,,
18/01/2023 14:08,Homme,1783800275693910.0,2021,Microélectronique Et Automatique (MEA),Oui,,37200.0,Oui,42000.0,,,
18/01/2023 14:04,Homme,1783165148995930.0,2021,Sciences et Technologies de l'Eau (STE),Oui,,32500.0,Oui,33200.0,,,
18/01/2023 14:03,Femme,1789246068497850.0,2022,Génie Biologique et Agroalimentaires (GBA),Oui,,,,,,,
18/01/2023 13:56,Homme,1798760184720750.0,2021,Mécanique Structures Industrielles (MSI - apprentissage),Oui,,39700.0,Oui,42000.0,,,
18/01/2023 13:51,Femme,1788516594039430.0,2020,Microélectronique Et Automatique (MEA),Oui,,24000.0,Non,24000.0,,,
18/01/2023 13:50,Homme,1793841905855280.0,2022,Mécanique et Interactions (MI),Oui,,,,,,,
18/01/2023 13:45,Homme,1767472861624420.0,2022,Matériaux (MAT),Oui,,,,,,,
18/01/2023 13:42,Homme,1810844959496940.0,2022,Matériaux (MAT),Oui,,,,,,,
18/01/2023 13:39,Homme,1783164954392950.0,2022,Microélectronique Et Automatique (MEA),Oui,,34000.0,Non,34000.0,,,
18/01/2023 13:36,Ne souhaite pas répondre,1783230237482980.0,2021,Matériaux (MAT),Oui,,,,,,,
28/01/2023 17:57,Homme,1776170003449250.0,2020,Matériaux (MAT),Oui,,,,,,,
18/01/2023 13:30,Femme,1788913230413240.0,2022,Mécanique et Interactions (MI),Oui,,,,,,,
18/01/2023 13:21,Femme,1782593065671140.0,2022,Génie Biologique et Agroalimentaires (GBA),Oui,,,Oui,,,,
18/01/2023 13:16,Homme,1775569795312090.0,2020,Mécanique Structures Industrielles (MSI - apprentissage),Oui,,,,,,,
18/01/2023 13:14,Femme,1766818797606270.0,2022,Microélectronique Et Automatique (MEA),Oui,,42000.0,Oui,42000.0,,,
18/01/2023 13:10,Homme,1794336481490610.0,2021,Sciences et Technologies de l'Eau (STE),Oui,,,,,,,
18/01/2023 13:10,Femme,1783230241827550.0,2022,Systèmes Embarqués (SE - apprentissage),Oui,,39780.0,Oui,42000.0,,,
18/01/2023 13:08,Homme,1789078845865610.0,2020,Sciences et Technologies de l'Eau (STE),Oui,,37000.0,Oui,38500.0,,,
18/01/2023 13:05,Femme,1775955967798490.0,2020,Sciences et Technologies de l'Eau (STE),Oui,,37000.0,Oui,37000.0,,,
18/01/2023 13:04,Homme,1798582769741700.0,2022,Matériaux (MAT),Oui,,37000.0,Non,37000.0,,,
18/01/2023 13:04,Homme,1767473229039570.0,2022,Sciences et Technologies de l'Eau (STE),Oui,,27800.0,Non,27800.0,,,
18/01/2023 13:04,Femme,1798974242610910.0,2022,Sciences et Technologies de l'Eau (STE),Oui,,24600.0,Non,24600.0,,,
18/01/2023 13:04,Femme,1788692467676590.0,2022,Sciences et Technologies de l'Eau (STE),Oui,,,,,,,
18/01/2023 13:02,Homme,1789583108696460.0,2020,Mécanique Structures Industrielles (MSI - apprentissage),Oui,,60000.0,Non,60000.0,,,
18/01/2023 13:00,Homme,1783100849747290.0,2021,Mécanique Structures Industrielles (MSI - apprentissage),,,45500.0,Oui,47000.0,,,
18/01/2023 13:00,Homme,1782327119664150.0,2021,Matériaux (MAT),Oui,,33000.0,Oui,36000.0,,,
18/01/2023 12:59,Femme,1788516712805640.0,2021,Informatique et Gestion (IG),Oui,,31000.0,Non,31000.0,,,
18/01/2023 12:59,Homme,1789078796127690.0,2022,Génie Biologique et Agroalimentaires (GBA),Oui,,35200.0,Oui,37200.0,,,
18/01/2023 12:58,Femme,1793840356517620.0,2021,Matériaux (MAT),Oui,,,,,,,
18/01/2023 12:58,Homme,1868316576166920.0,2021,Microélectronique Et Automatique (MEA),Oui,,34500.0,Non,34500.0,,,
18/01/2023 12:57,Homme,1782457857062600.0,2022,Microélectronique Et Automatique (MEA),Oui,,42500.0,Oui,42500.0,,,
18/01/2023 12:55,Homme,1783547418022120.0,2022,Microélectronique Et Automatique (MEA),Oui,,34000.0,Non,34000.0,,,
18/01/2023 12:52,Homme,1767193767258960.0,2022,Matériaux (MAT),Non,Andorrane,,,,,,
18/01/2023 12:52,Homme,1794034545676640.0,2022,Mécanique Structures Industrielles (MSI - apprentissage),Oui,,,,,,,
18/01/2023 12:50,Femme,1875570063107940.0,2020,Génie Biologique et Agroalimentaires (GBA),Oui,,32261.0,Oui,35000.0,,,
18/01/2023 12:50,Femme,1789081033260750.0,2022,Génie Biologique et Agroalimentaires (GBA),Oui,,,,,,,
18/01/2023 12:49,Homme,1889477071027450.0,2022,Eau et Génie Civil (EGC - apprentissage),Oui,,,,,,,
18/01/2023 12:47,Homme,1798891453028690.0,2020,Systèmes Embarqués (SE - apprentissage),Oui,,,,,,,
18/01/2023 12:46,Femme,1789078909530500.0,2022,Sciences et Technologies de l'Eau (STE),Oui,,25056.0,Oui,27590.0,,,
18/01/2023 12:46,Femme,1806735683316310.0,2022,Matériaux (MAT),Oui,,,,,,,
18/01/2023 12:46,Homme,1782520328285230.0,2022,Microélectronique Et Automatique (MEA),Oui,,41520.0,Oui,48000.0,,,
18/01/2023 12:43,Homme,1788692348335790.0,2022,Informatique et Gestion (IG),Oui,,36000.0,Oui,38000.0,,,
18/01/2023 12:41,Homme,1882874480356570.0,2020,Systèmes Embarqués (SE - apprentissage),Oui,,46000.0,Oui,51000.0,,,
18/01/2023 12:40,Homme,1776106881976020.0,2020,Eau et Génie Civil (EGC - apprentissage),Oui,,41000.0,Oui,43000.0,,,
18/01/2023 12:34,Femme,1782464427379530.0,2022,Génie Biologique et Agroalimentaires (GBA),Oui,,,,,,,
18/01/2023 12:33,Homme,1768183315465870.0,2022,Matériaux (MAT),Oui,,,,,,,
18/01/2023 12:31,Homme,1775713758266800.0,2020,Microélectronique Et Automatique (MEA),Oui,,37300.0,Oui,38500.0,,,
18/01/2023 12:31,Homme,1868549207620240.0,2021,Matériaux (MAT),Oui,,29000.0,Non,29000.0,,,
18/01/2023 12:30,Femme,1775264515647930.0,2021,Sciences et Technologies de l'Eau (STE),Oui,,38000.0,Non,38000.0,,,
18/01/2023 12:30,Femme,1894058211405080.0,2021,Informatique et Gestion (IG),Oui,,32083.0,Oui,35000.0,,,
18/01/2023 12:28,Homme,1883551382573460.0,2021,Sciences et Technologies de l'Eau (STE),Oui,,33000.0,Oui,35500.0,,,
18/01/2023 12:28,Homme,1744206698907320.0,2022,Microélectronique Et Automatique (MEA),Non,Chinoise,,,,,,
18/01/2023 12:26,Homme,1782332272616430.0,2022,Eau et Génie Civil (EGC - apprentissage),Oui,,40000.0,Oui,50000.0,,,
18/01/2023 12:26,Femme,1788966905939470.0,2022,Génie Biologique et Agroalimentaires (GBA),Oui,,,,,,,
18/01/2023 12:24,Homme,1783679213353430.0,2021,Microélectronique Et Automatique (MEA),Oui,,,,,,,
18/01/2023 12:23,Homme,1783101100330830.0,2020,Informatique et Gestion (IG),Oui,,47000.0,Oui,50000.0,,,
18/01/2023 12:22,Homme,1793786868531130.0,2022,Génie Biologique et Agroalimentaires (GBA),,,40000.0,Oui,42500.0,,,
18/01/2023 12:21,Homme,1788410726163790.0,2022,Matériaux (MAT),Oui,,,,,,,
18/01/2023 12:20,Homme,1793990134263960.0,2022,Mécanique Structures Industrielles (MSI - apprentissage),Oui,,,,,,,
721,,,721,721,,,,,,,,
